model	options	test	p_value	effect_size	num_targ1	num_targ2	num_attr1	num_attr2
bert	version=bert-base-cased	angry_black_woman_stereotype	0.68641	-0.18128695436373526	15	15	18	18
bert	version=bert-base-cased	angry_black_woman_stereotype_b	0.7142857142857143	-0.38453271197985944	4	4	18	18
bert	version=bert-base-cased	heilman_double_bind_competent_1	0.4205905205905206	0.0996610582467627	8	8	10	10
bert	version=bert-base-cased	heilman_double_bind_competent_1-	0.972027972027972	-0.9468087981956204	8	8	10	10
bert	version=bert-base-cased	heilman_double_bind_competent_1+3-	0.9766899766899767	-0.9818148839263727	8	8	10	10
bert	version=bert-base-cased	heilman_double_bind_competent_one_sentence	0.10567210567210568	0.6465469963997766	8	8	10	10
bert	version=bert-base-cased	heilman_double_bind_competent_one_word	0.5412587412587413	-0.051236309940245965	8	8	10	10
bert	version=bert-base-cased	heilman_double_bind_likable_1	0.3487179487179487	0.20345141130098562	8	8	8	8
bert	version=bert-base-cased	heilman_double_bind_likable_1-	0.8574980574980575	-0.5626012189232564	8	8	8	8
bert	version=bert-base-cased	heilman_double_bind_likable_1+3-	0.7986790986790987	-0.4362463194015714	8	8	8	8
bert	version=bert-base-cased	heilman_double_bind_likable_one_sentence	0.7436674436674436	-0.3457501668505437	8	8	8	8
bert	version=bert-base-cased	heilman_double_bind_likable_one_word	0.4275835275835276	0.09562330088169152	8	8	8	8
bert	version=bert-base-cased	sent-angry_black_woman_stereotype	0.00178	0.3768508899135055	120	120	54	54
bert	version=bert-base-cased	sent-angry_black_woman_stereotype_b	0.11844	0.23365941294028958	52	52	54	54
bert	version=bert-base-cased	sent-heilman_double_bind_competent_one_word	0.65238	-0.06869002193057899	64	64	30	30
bert	version=bert-base-cased	sent-heilman_double_bind_likable_one_word	0.55559	-0.0245730061224566	64	64	24	24
bert	version=bert-base-cased	sent-weat10	0.22809	0.13837955186518766	64	64	40	47
bert	version=bert-base-cased	sent-weat1	3e-05	0.2980710615313561	350	350	215	250
bert	version=bert-base-cased	sent-weat2	0.00389	0.2078534895344563	330	330	215	250
bert	version=bert-base-cased	sent-weat3	0.40328	0.02128610764290923	256	256	215	249
bert	version=bert-base-cased	sent-weat3b	0.97988	-0.20786289242849793	195	195	215	249
bert	version=bert-base-cased	sent-weat4	0.41042	0.028834326959727576	128	128	215	249
bert	version=bert-base-cased	sent-weat5	0.96428	-0.22420956432018127	128	128	40	47
bert	version=bert-base-cased	sent-weat5b	0.9998	-0.34343419120211205	195	195	40	47
bert	version=bert-base-cased	sent-weat6	0.97362	-0.33726183694407635	64	64	101	112
bert	version=bert-base-cased	sent-weat6b	0.11317	0.1918782652225347	80	80	101	112
bert	version=bert-base-cased	sent-weat7	0.0421	0.28711212095170463	72	72	80	80
bert	version=bert-base-cased	sent-weat7b	0.00096	0.5113603597683516	72	72	64	64
bert	version=bert-base-cased	sent-weat8	0.05711	0.2988540090063949	56	56	80	80
bert	version=bert-base-cased	sent-weat8b	0.20854	0.1552852402297529	56	56	64	64
bert	version=bert-base-cased	sent-weat9	0.87587	-0.391355142680627	18	18	21	23
bert	version=bert-base-cased	weat10	0.2584304584304584	0.3605209161353511	8	8	8	8
bert	version=bert-base-cased	weat1	0.3951	0.07706905096706573	25	25	25	25
bert	version=bert-base-cased	weat2	0.00012	0.9609164582422074	25	25	25	25
bert	version=bert-base-cased	weat3	0.39734	0.0663571331137143	32	32	25	25
bert	version=bert-base-cased	weat3b	0.30269	0.1945311042167991	15	15	25	25
bert	version=bert-base-cased	weat4	0.12163	0.41632302228707163	16	16	25	25
bert	version=bert-base-cased	weat5	0.45001	0.046385716460312774	16	16	8	8
bert	version=bert-base-cased	weat5b	0.4101	0.09744901615316849	15	15	8	8
bert	version=bert-base-cased	weat6	0.4843045843045843	0.018928411880325485	8	8	8	8
bert	version=bert-base-cased	weat6b	0.6344211344211345	-0.0675300082529191	8	8	8	8
bert	version=bert-base-cased	weat7	0.896969696969697	-0.6335666019500177	8	8	8	8
bert	version=bert-base-cased	weat7b	0.26495726495726496	0.3193755975701596	8	8	8	8
bert	version=bert-base-cased	weat8	0.5549339549339549	-0.05549328906784987	8	8	8	8
bert	version=bert-base-cased	weat8b	0.4818958818958819	0.01960396351989553	8	8	8	8
bert	version=bert-base-cased	weat9	0.01406926406926407	1.2141263564675024	6	6	7	7
bert	version=bert-base-uncased	angry_black_woman_stereotype	0.96063	-0.6430192610071515	15	15	18	18
bert	version=bert-base-uncased	angry_black_woman_stereotype_b	0.1	1.0204684388287217	4	4	18	18
bert	version=bert-base-uncased	heilman_double_bind_competent_1-	0.0008547008547008547	1.4632324775085412	8	8	10	10
bert	version=bert-base-uncased	heilman_double_bind_competent_1	0.15804195804195803	0.5125974948196548	8	8	10	10
bert	version=bert-base-uncased	heilman_double_bind_competent_1+3-	0.004428904428904429	1.2416117847265167	8	8	10	10
bert	version=bert-base-uncased	heilman_double_bind_competent_one_sentence	0.755089355089355	-0.3553555494945512	8	8	10	10
bert	version=bert-base-uncased	heilman_double_bind_competent_one_word	0.72004662004662	-0.29949216200657314	8	8	10	10
bert	version=bert-base-uncased	heilman_double_bind_likable_1	0.34506604506604505	0.2148853015036869	8	8	8	8
bert	version=bert-base-uncased	heilman_double_bind_likable_1-	1.0	-1.763142474193787	8	8	8	8
bert	version=bert-base-uncased	heilman_double_bind_likable_1+3-	1.0	-1.8360699440204375	8	8	8	8
bert	version=bert-base-uncased	heilman_double_bind_likable_one_sentence	0.5794871794871795	-0.10386028505889625	8	8	8	8
bert	version=bert-base-uncased	heilman_double_bind_likable_one_word	0.3153846153846154	0.24866435156416888	8	8	8	8
bert	version=bert-base-uncased	sent-angry_black_woman_stereotype	0.94334	-0.2031909093964994	120	120	54	54
bert	version=bert-base-uncased	sent-angry_black_woman_stereotype_b	0.47936	0.010178136409901341	52	52	54	54
bert	version=bert-base-uncased	sent-heilman_double_bind_competent_one_word	0.09713	0.2294566083864329	64	64	30	30
bert	version=bert-base-uncased	sent-heilman_double_bind_likable_one_word	0.30494	0.09317386247657916	64	64	24	24
bert	version=bert-base-uncased	sent-weat10	0.00165	0.5108394389822396	64	64	40	47
bert	version=bert-base-uncased	sent-weat1	0.00034	0.2603067886157313	350	350	215	250
bert	version=bert-base-uncased	sent-weat2	0.02994	0.14610243675933174	330	330	215	250
bert	version=bert-base-uncased	sent-weat3	1e-05	0.3812570166353222	256	256	215	249
bert	version=bert-base-uncased	sent-weat3b	0.13286	0.11347301258653429	195	195	215	249
bert	version=bert-base-uncased	sent-weat4	0.03777	0.22140924462379988	128	128	215	249
bert	version=bert-base-uncased	sent-weat5	0.01161	0.285797288994669	128	128	40	47
bert	version=bert-base-uncased	sent-weat5b	0.10833	0.12480147722865925	195	195	40	47
bert	version=bert-base-uncased	sent-weat6	0.1037	0.2227788569730572	64	64	101	112
bert	version=bert-base-uncased	sent-weat6b	0.11703	0.18735618097477663	80	80	101	112
bert	version=bert-base-uncased	sent-weat7	0.23843	0.11891331973689129	72	72	80	80
bert	version=bert-base-uncased	sent-weat7b	0.92546	-0.24118037484733668	72	72	64	64
bert	version=bert-base-uncased	sent-weat8	0.93971	-0.2947294002633225	56	56	80	80
bert	version=bert-base-uncased	sent-weat8b	0.57572	-0.03630525663752701	56	56	64	64
bert	version=bert-base-uncased	sent-weat9	0.06374	0.5136363823684401	18	18	21	23
bert	version=bert-base-uncased	weat10	0.4705516705516706	0.03563099084384114	8	8	8	8
bert	version=bert-base-uncased	weat1	0.07723	0.4059129058098559	25	25	25	25
bert	version=bert-base-uncased	weat2	0.0086	0.664457422523408	25	25	25	25
bert	version=bert-base-uncased	weat3	0.01415	0.549202345255318	32	32	25	25
bert	version=bert-base-uncased	weat3b	0.30332	0.19226590744096517	15	15	25	25
bert	version=bert-base-uncased	weat4	0.01128	0.8032004944108357	16	16	25	25
bert	version=bert-base-uncased	weat5	0.96687	-0.6474813628866987	16	16	8	8
bert	version=bert-base-uncased	weat5b	0.22981	0.2787195749525792	15	15	8	8
bert	version=bert-base-uncased	weat6	0.46402486402486404	0.04634893276452218	8	8	8	8
bert	version=bert-base-uncased	weat6b	0.8627816627816628	-0.5717890625626914	8	8	8	8
bert	version=bert-base-uncased	weat7	0.3411810411810412	0.2157054415685786	8	8	8	8
bert	version=bert-base-uncased	weat7b	0.002797202797202797	1.2924387821871592	8	8	8	8
bert	version=bert-base-uncased	weat8	0.448018648018648	0.06646839232640012	8	8	8	8
bert	version=bert-base-uncased	weat8b	0.5581196581196581	-0.09464356653680457	8	8	8	8
bert	version=bert-base-uncased	weat9	0.21536796536796537	0.4750296451623502	6	6	7	7
bert	version=bert-large-cased	angry_black_woman_stereotype	0.80693	-0.32043996246275813	15	15	18	18
bert	version=bert-large-cased	angry_black_woman_stereotype_b	0.24285714285714285	0.6083812725238024	4	4	18	18
bert	version=bert-large-cased	heilman_double_bind_competent_1-	0.279020979020979	0.30333540044476404	8	8	10	10
bert	version=bert-large-cased	heilman_double_bind_competent_1	0.6166278166278166	-0.1557847188966124	8	8	10	10
bert	version=bert-large-cased	heilman_double_bind_competent_1+3-	0.05112665112665113	0.8252048419177809	8	8	10	10
bert	version=bert-large-cased	heilman_double_bind_competent_one_sentence	0.007459207459207459	1.1663325878087887	8	8	10	10
bert	version=bert-large-cased	heilman_double_bind_competent_one_word	0.9446775446775447	-0.8056443084053099	8	8	10	10
bert	version=bert-large-cased	heilman_double_bind_likable_1-	0.1428127428127428	0.54328729102868	8	8	8	8
bert	version=bert-large-cased	heilman_double_bind_likable_1	0.7159285159285159	-0.2938084086889891	8	8	8	8
bert	version=bert-large-cased	heilman_double_bind_likable_1+3-	0.9392385392385393	-0.7677918077182782	8	8	8	8
bert	version=bert-large-cased	heilman_double_bind_likable_one_sentence	0.022222222222222223	0.9851801028184565	8	8	8	8
bert	version=bert-large-cased	heilman_double_bind_likable_one_word	0.8597513597513597	-0.5508549730036664	8	8	8	8
bert	version=bert-large-cased	sent-angry_black_woman_stereotype	0.91107	-0.17476389143236876	120	120	54	54
bert	version=bert-large-cased	sent-angry_black_woman_stereotype_b	0.92966	-0.2880643862357131	52	52	54	54
bert	version=bert-large-cased	sent-heilman_double_bind_competent_one_word	0.01393	0.3875193428552761	64	64	30	30
bert	version=bert-large-cased	sent-heilman_double_bind_likable_one_word	0.97832	-0.35478314671119093	64	64	24	24
bert	version=bert-large-cased	sent-weat10	0.22768	0.13078541204207592	64	64	40	47
bert	version=bert-large-cased	sent-weat1	1e-05	0.6246818299936401	350	350	215	250
bert	version=bert-large-cased	sent-weat2	0.00267	0.21590610445334357	330	330	215	250
bert	version=bert-large-cased	sent-weat3	0.29892	0.04621910912655084	256	256	215	249
bert	version=bert-large-cased	sent-weat3b	0.97731	-0.20305746705462288	195	195	215	249
bert	version=bert-large-cased	sent-weat4	0.6098	-0.0347655140091202	128	128	215	249
bert	version=bert-large-cased	sent-weat5	0.27727	0.07383501180030796	128	128	40	47
bert	version=bert-large-cased	sent-weat5b	0.88225	-0.12089540718954349	195	195	40	47
bert	version=bert-large-cased	sent-weat6	0.32978	0.07824117828307758	64	64	101	112
bert	version=bert-large-cased	sent-weat6b	0.82523	-0.14850689374115328	80	80	101	112
bert	version=bert-large-cased	sent-weat7	1e-05	0.9163228066454007	72	72	80	80
bert	version=bert-large-cased	sent-weat7b	0.96057	-0.2929746618866639	72	72	64	64
bert	version=bert-large-cased	sent-weat8	0.14465	0.2010475774571668	56	56	80	80
bert	version=bert-large-cased	sent-weat8b	0.75438	-0.13108848079169227	56	56	64	64
bert	version=bert-large-cased	sent-weat9	0.47556	0.023203738000697468	18	18	21	23
bert	version=bert-large-cased	weat10	0.8355866355866356	-0.5026122017270593	8	8	8	8
bert	version=bert-large-cased	weat1	0.21798	0.22264137372346646	25	25	25	25
bert	version=bert-large-cased	weat2	0.06005	0.43832220245393594	25	25	25	25
bert	version=bert-large-cased	weat3	0.66728	-0.10700720396493796	32	32	25	25
bert	version=bert-large-cased	weat3b	0.66847	-0.16467375691773023	15	15	25	25
bert	version=bert-large-cased	weat4	0.05119	0.5839736481541786	16	16	25	25
bert	version=bert-large-cased	weat5	0.04434	0.6014080880874422	16	16	8	8
bert	version=bert-large-cased	weat5b	0.75678	-0.26001192101577575	15	15	8	8
bert	version=bert-large-cased	weat6	0.33815073815073815	0.2118761909664055	8	8	8	8
bert	version=bert-large-cased	weat6b	0.8514374514374514	-0.5314500567625848	8	8	8	8
bert	version=bert-large-cased	weat7	0.3856254856254856	0.21185452939359312	8	8	8	8
bert	version=bert-large-cased	weat7b	0.7037296037296037	-0.287717475854988	8	8	8	8
bert	version=bert-large-cased	weat8	0.19968919968919968	0.4272372209450997	8	8	8	8
bert	version=bert-large-cased	weat8b	0.7512820512820513	-0.33712985741013474	8	8	8	8
bert	version=bert-large-cased	weat9	0.4935064935064935	0.014938599870585326	6	6	7	7
bert	version=bert-large-uncased	angry_black_woman_stereotype	0.09831	0.4756156312816908	15	15	18	18
bert	version=bert-large-uncased	angry_black_woman_stereotype_b	0.7285714285714285	-0.5399215691821712	4	4	18	18
bert	version=bert-large-uncased	heilman_double_bind_competent_1	0.20388500388500388	0.42745272969825543	8	8	10	10
bert	version=bert-large-uncased	heilman_double_bind_competent_1-	0.9987567987567988	-1.4341587358409107	8	8	10	10
bert	version=bert-large-uncased	heilman_double_bind_competent_1+3-	1.0	-1.8213964557014553	8	8	10	10
bert	version=bert-large-uncased	heilman_double_bind_competent_one_sentence	0.47606837606837604	0.226369337204616	8	8	10	10
bert	version=bert-large-uncased	heilman_double_bind_competent_one_word	0.9606837606837607	-0.8778147290026244	8	8	10	10
bert	version=bert-large-uncased	heilman_double_bind_likable_1	0.05244755244755245	0.8135373819651907	8	8	8	8
bert	version=bert-large-uncased	heilman_double_bind_likable_1-	1.0	-1.847363137599446	8	8	8	8
bert	version=bert-large-uncased	heilman_double_bind_likable_1+3-	1.0	-1.81392613358984	8	8	8	8
bert	version=bert-large-uncased	heilman_double_bind_likable_one_sentence	0.029292929292929294	0.9309461722739364	8	8	8	8
bert	version=bert-large-uncased	heilman_double_bind_likable_one_word	0.44545454545454544	0.220376407187866	8	8	8	8
bert	version=bert-large-uncased	sent-angry_black_woman_stereotype	0.62997	-0.0435047092398624	120	120	54	54
bert	version=bert-large-uncased	sent-angry_black_woman_stereotype_b	0.04538	0.332714861485126	52	52	54	54
bert	version=bert-large-uncased	sent-heilman_double_bind_competent_one_word	0.76684	-0.12926599564924554	64	64	30	30
bert	version=bert-large-uncased	sent-heilman_double_bind_likable_one_word	0.15402	0.17988613606469106	64	64	24	24
bert	version=bert-large-uncased	sent-weat10	0.4236	0.0341581264271246	64	64	40	47
bert	version=bert-large-uncased	sent-weat1	0.22087	0.058333899733810896	350	350	215	250
bert	version=bert-large-uncased	sent-weat2	0.93657	-0.1189735618262252	330	330	215	250
bert	version=bert-large-uncased	sent-weat3	0.04774	0.14741175357493416	256	256	215	249
bert	version=bert-large-uncased	sent-weat3b	0.00019	0.3561831736768467	195	195	215	249
bert	version=bert-large-uncased	sent-weat4	0.12222	0.14426076962889542	128	128	215	249
bert	version=bert-large-uncased	sent-weat5	0.74859	-0.08392006685159094	128	128	40	47
bert	version=bert-large-uncased	sent-weat5b	1e-05	0.4388665596483352	195	195	40	47
bert	version=bert-large-uncased	sent-weat6	0.39107	0.05081085691886314	64	64	101	112
bert	version=bert-large-uncased	sent-weat6b	0.5311	-0.012346770543519663	80	80	101	112
bert	version=bert-large-uncased	sent-weat7	0.19253	0.1438555758729831	72	72	80	80
bert	version=bert-large-uncased	sent-weat7b	0.49903	-0.0001440846238053655	72	72	64	64
bert	version=bert-large-uncased	sent-weat8	0.58911	-0.04297170657007151	56	56	80	80
bert	version=bert-large-uncased	sent-weat8b	0.65146	-0.071891626037406	56	56	64	64
bert	version=bert-large-uncased	sent-weat9	0.15525	0.31248278345728114	18	18	21	23
bert	version=bert-large-uncased	weat10	0.7068376068376069	-0.3180906271492228	8	8	8	8
bert	version=bert-large-uncased	weat1	0.78664	-0.22769199629411824	25	25	25	25
bert	version=bert-large-uncased	weat2	0.99908	-0.8268971477188771	25	25	25	25
bert	version=bert-large-uncased	weat3	0.18854	0.2222755010892408	32	32	25	25
bert	version=bert-large-uncased	weat3b	0.99733	-0.9779896077696865	15	15	25	25
bert	version=bert-large-uncased	weat4	0.10984	0.4432339820752719	16	16	25	25
bert	version=bert-large-uncased	weat5	0.68735	-0.17998195299657482	16	16	8	8
bert	version=bert-large-uncased	weat5b	0.09704	0.477738052759119	15	15	8	8
bert	version=bert-large-uncased	weat6	0.1128982128982129	0.6301080166400771	8	8	8	8
bert	version=bert-large-uncased	weat6b	0.07575757575757576	0.6997039130843795	8	8	8	8
bert	version=bert-large-uncased	weat7	0.10971250971250972	0.727514811514015	8	8	8	8
bert	version=bert-large-uncased	weat7b	0.1515928515928516	0.6797600809652115	8	8	8	8
bert	version=bert-large-uncased	weat8	0.25252525252525254	0.35859484432661737	8	8	8	8
bert	version=bert-large-uncased	weat8b	0.24825174825174826	0.3530947802400093	8	8	8	8
bert	version=bert-large-uncased	weat9	0.5032467532467533	-0.0032752584852857422	6	6	7	7
bow		angry_black_woman_stereotype	0.00072	1.095344821867769	15	15	18	18
bow		angry_black_woman_stereotype_b	0.5142857142857142	-0.037503015011628595	4	4	18	18
bow		heilman_double_bind_competent_1	0.10567210567210568	0.6645681599336647	8	8	10	10
bow		heilman_double_bind_competent_1-	0.13317793317793317	0.5901220227354127	8	8	10	10
bow		heilman_double_bind_competent_1+3-	0.2066045066045066	0.43379062907695487	8	8	10	10
bow		heilman_double_bind_competent_one_sentence	0.048873348873348876	0.8354037000382043	8	8	10	10
bow		heilman_double_bind_competent_one_word	7.77000777000777e-05	1.6241440674652927	8	8	10	10
bow		heilman_double_bind_likable_1	0.13364413364413363	0.5853680463619089	8	8	8	8
bow		heilman_double_bind_likable_1-	7.77000777000777e-05	1.5880126660067504	8	8	8	8
bow		heilman_double_bind_likable_1+3-	0.0001554001554001554	1.472927456058595	8	8	8	8
bow		heilman_double_bind_likable_one_sentence	0.16713286713286712	0.5060948051385065	8	8	8	8
bow		heilman_double_bind_likable_one_word	0.0009324009324009324	1.2860305321865617	8	8	8	8
bow		sent-angry_black_woman_stereotype	1e-05	0.6168527559075829	120	120	54	54
bow		sent-angry_black_woman_stereotype_b	0.16582	0.1907390117986805	52	52	54	54
bow		sent-heilman_double_bind_competent_one_word	1e-05	0.7931917100072182	64	64	30	30
bow		sent-heilman_double_bind_likable_one_word	4e-05	0.6897390121499783	64	64	24	24
bow		sent-weat1	1e-05	1.555480581083209	350	350	215	250
bow		sent-weat10	0.00229	0.49575305034028894	64	64	40	47
bow		sent-weat2	1e-05	1.2749452829222945	330	330	215	250
bow		sent-weat3	1e-05	0.5201126169859963	256	256	215	249
bow		sent-weat3b	0.08636	0.13837417568672844	195	195	215	249
bow		sent-weat4	1e-05	0.5497548697185468	128	128	215	249
bow		sent-weat5	0.00155	0.36452593756925844	128	128	40	47
bow		sent-weat5b	0.68738	-0.049296816559202275	195	195	40	47
bow		sent-weat6	1e-05	1.743843134701947	64	64	101	112
bow		sent-weat6b	0.00606	0.396204812662749	80	80	101	112
bow		sent-weat7	1e-05	0.7730903202639864	72	72	80	80
bow		sent-weat7b	1e-05	1.5092768427319647	72	72	64	64
bow		sent-weat8	1e-05	1.012025012467251	56	56	80	80
bow		sent-weat8b	1e-05	1.394594810344009	56	56	64	64
bow		sent-weat9	0.12661	0.3884405735154991	18	18	21	23
bow		weat1	1e-05	1.5043154927647697	25	25	25	25
bow		weat10	0.005128205128205128	1.2128907133270523	8	8	8	8
bow		weat2	1e-05	1.5339887035184903	25	25	25	25
bow		weat3	1e-05	1.4052075375830486	32	32	25	25
bow		weat3b	0.07589	0.5263116922557048	15	15	25	25
bow		weat4	1e-05	1.4985823551734032	16	16	25	25
bow		weat5	3e-05	1.2839296664351412	16	16	8	8
bow		weat5b	0.60612	-0.10080798877283878	15	15	8	8
bow		weat6	7.77000777000777e-05	1.8139146236810442	8	8	8	8
bow		weat6b	0.1414918414918415	0.5485746777613701	8	8	8	8
bow		weat7	0.015695415695415695	1.0550147873162647	8	8	8	8
bow		weat7b	7.77000777000777e-05	1.6138439475984263	8	8	8	8
bow		weat8	0.00473970473970474	1.2374533926249005	8	8	8	8
bow		weat8b	0.0004662004662004662	1.5203743940205117	8	8	8	8
bow		weat9	0.004329004329004329	1.3827549262269898	6	6	7	7
elmo	time_combine=max;layer_combine=add	angry_black_woman_stereotype	0.0495	0.6012713814182642	15	15	18	18
elmo	time_combine=max;layer_combine=add	angry_black_woman_stereotype_b	0.42857142857142855	0.10615779869328823	4	4	18	18
elmo	time_combine=max;layer_combine=add	heilman_double_bind_competent_1-	0.7638694638694639	-0.37152997658269776	8	8	10	10
elmo	time_combine=max;layer_combine=add	heilman_double_bind_competent_1	0.93993783993784	-0.785432388292876	8	8	10	10
elmo	time_combine=max;layer_combine=add	heilman_double_bind_competent_1+3-	0.39463869463869466	0.13616570934669553	8	8	10	10
elmo	time_combine=max;layer_combine=add	heilman_double_bind_competent_one_sentence	0.7751359751359751	-0.4007909552410239	8	8	10	10
elmo	time_combine=max;layer_combine=add	heilman_double_bind_competent_one_word	0.705050505050505	-0.2812796426743114	8	8	10	10
elmo	time_combine=max;layer_combine=add	heilman_double_bind_likable_1	0.3073815073815074	0.2656171109135018	8	8	8	8
elmo	time_combine=max;layer_combine=add	heilman_double_bind_likable_1-	0.5396270396270396	-0.06428652749981428	8	8	8	8
elmo	time_combine=max;layer_combine=add	heilman_double_bind_likable_1+3-	0.27334887334887337	0.3333522788681902	8	8	8	8
elmo	time_combine=max;layer_combine=add	heilman_double_bind_likable_one_sentence	0.9038073038073038	-0.7392709922612873	8	8	8	8
elmo	time_combine=max;layer_combine=add	heilman_double_bind_likable_one_word	0.7712509712509712	-0.39064124834261377	8	8	8	8
elmo	time_combine=max;layer_combine=add	sent-angry_black_woman_stereotype	1e-05	0.6313906113707431	120	120	54	54
elmo	time_combine=max;layer_combine=add	sent-angry_black_woman_stereotype_b	0.83829	-0.19489231035360827	52	52	54	54
elmo	time_combine=max;layer_combine=add	sent-heilman_double_bind_competent_one_word	0.35284	0.06783327633746769	64	64	30	30
elmo	time_combine=max;layer_combine=add	sent-heilman_double_bind_likable_one_word	0.99998	-0.6823675459678674	64	64	24	24
elmo	time_combine=max;layer_combine=add	sent-weat10	0.03004	0.333633077557142	64	64	40	47
elmo	time_combine=max;layer_combine=add	sent-weat1	2e-05	0.3230182698725378	350	350	215	250
elmo	time_combine=max;layer_combine=add	sent-weat2	0.03814	0.13800161549165632	330	330	215	250
elmo	time_combine=max;layer_combine=add	sent-weat3	0.99999	-0.3646258375078211	256	256	215	249
elmo	time_combine=max;layer_combine=add	sent-weat3b	0.95684	-0.17338134542807287	195	195	215	249
elmo	time_combine=max;layer_combine=add	sent-weat4	0.99526	-0.32601346601476483	128	128	215	249
elmo	time_combine=max;layer_combine=add	sent-weat5	1e-05	0.6243165070725899	128	128	40	47
elmo	time_combine=max;layer_combine=add	sent-weat5b	0.71577	-0.058045485595721244	195	195	40	47
elmo	time_combine=max;layer_combine=add	sent-weat6	0.99982	-0.6229969021354452	64	64	101	112
elmo	time_combine=max;layer_combine=add	sent-weat6b	0.31395	0.07739383120265088	80	80	101	112
elmo	time_combine=max;layer_combine=add	sent-weat7	0.14871	0.1752937205392901	72	72	80	80
elmo	time_combine=max;layer_combine=add	sent-weat7b	0.83058	-0.15930381714740824	72	72	64	64
elmo	time_combine=max;layer_combine=add	sent-weat8	0.10008	0.24025104538886138	56	56	80	80
elmo	time_combine=max;layer_combine=add	sent-weat8b	0.01699	0.4005811861373826	56	56	64	64
elmo	time_combine=max;layer_combine=add	sent-weat9	0.162	0.3341030287132353	18	18	21	23
elmo	time_combine=max;layer_combine=add	weat10	0.2874902874902875	0.30736304434844486	8	8	8	8
elmo	time_combine=max;layer_combine=add	weat1	0.72517	-0.17224105126627204	25	25	25	25
elmo	time_combine=max;layer_combine=add	weat2	0.19271	0.24858018663577497	25	25	25	25
elmo	time_combine=max;layer_combine=add	weat3	0.87417	-0.2878801089725692	32	32	25	25
elmo	time_combine=max;layer_combine=add	weat3b	0.99806	-1.0141336260466756	15	15	25	25
elmo	time_combine=max;layer_combine=add	weat4	0.56381	-0.05948915509351147	16	16	25	25
elmo	time_combine=max;layer_combine=add	weat5	0.11503	0.431106439287724	16	16	8	8
elmo	time_combine=max;layer_combine=add	weat5b	0.86038	-0.4030413909370098	15	15	8	8
elmo	time_combine=max;layer_combine=add	weat6	0.9264957264957265	-0.7274855043315464	8	8	8	8
elmo	time_combine=max;layer_combine=add	weat6b	0.7268842268842269	-0.31367146307693655	8	8	8	8
elmo	time_combine=max;layer_combine=add	weat7	0.7802641802641803	-0.40244614658030803	8	8	8	8
elmo	time_combine=max;layer_combine=add	weat7b	0.5507381507381507	-0.06631347517524151	8	8	8	8
elmo	time_combine=max;layer_combine=add	weat8	0.4292152292152292	0.09139397207177238	8	8	8	8
elmo	time_combine=max;layer_combine=add	weat8b	0.30753690753690754	0.2618730193895712	8	8	8	8
elmo	time_combine=max;layer_combine=add	weat9	0.8852813852813853	-0.7084398927486434	6	6	7	7
elmo	time_combine=max;layer_combine=concat	angry_black_woman_stereotype	0.03978	0.6368599772947142	15	15	18	18
elmo	time_combine=max;layer_combine=concat	angry_black_woman_stereotype_b	0.7571428571428571	-0.5159648181282451	4	4	18	18
elmo	time_combine=max;layer_combine=concat	heilman_double_bind_competent_1-	0.7679098679098679	-0.4171947398100591	8	8	10	10
elmo	time_combine=max;layer_combine=concat	heilman_double_bind_competent_1	0.8485625485625485	-0.5465343259320169	8	8	10	10
elmo	time_combine=max;layer_combine=concat	heilman_double_bind_competent_1+3-	0.3037296037296037	0.2818916469063012	8	8	10	10
elmo	time_combine=max;layer_combine=concat	heilman_double_bind_competent_one_sentence	0.4857031857031857	0.019678087723142966	8	8	10	10
elmo	time_combine=max;layer_combine=concat	heilman_double_bind_competent_one_word	0.6906759906759907	-0.2609460453372728	8	8	10	10
elmo	time_combine=max;layer_combine=concat	heilman_double_bind_likable_1-	0.3815850815850816	0.1561991724774727	8	8	8	8
elmo	time_combine=max;layer_combine=concat	heilman_double_bind_likable_1	0.6672882672882673	-0.21766903198543505	8	8	8	8
elmo	time_combine=max;layer_combine=concat	heilman_double_bind_likable_1+3-	0.12672882672882674	0.5846186442818	8	8	8	8
elmo	time_combine=max;layer_combine=concat	heilman_double_bind_likable_one_sentence	0.9857808857808857	-0.8314786883693533	8	8	8	8
elmo	time_combine=max;layer_combine=concat	heilman_double_bind_likable_one_word	0.814996114996115	-0.47399473038379136	8	8	8	8
elmo	time_combine=max;layer_combine=concat	sent-angry_black_woman_stereotype	1e-05	0.5751203790935309	120	120	54	54
elmo	time_combine=max;layer_combine=concat	sent-angry_black_woman_stereotype_b	0.92727	-0.2860108003889166	52	52	54	54
elmo	time_combine=max;layer_combine=concat	sent-heilman_double_bind_competent_one_word	0.3987	0.04638758997677714	64	64	30	30
elmo	time_combine=max;layer_combine=concat	sent-heilman_double_bind_likable_one_word	0.99985	-0.6252931580450171	64	64	24	24
elmo	time_combine=max;layer_combine=concat	sent-weat10	0.03857	0.3131940224461497	64	64	40	47
elmo	time_combine=max;layer_combine=concat	sent-weat1	1e-05	0.36215915489003636	350	350	215	250
elmo	time_combine=max;layer_combine=concat	sent-weat2	0.00063	0.2478794162135763	330	330	215	250
elmo	time_combine=max;layer_combine=concat	sent-weat3	0.99989	-0.32546329487757475	256	256	215	249
elmo	time_combine=max;layer_combine=concat	sent-weat3b	0.99927	-0.32222288170736496	195	195	215	249
elmo	time_combine=max;layer_combine=concat	sent-weat4	0.95799	-0.21708429131912102	128	128	215	249
elmo	time_combine=max;layer_combine=concat	sent-weat5	1e-05	0.6313413329333514	128	128	40	47
elmo	time_combine=max;layer_combine=concat	sent-weat5b	0.94516	-0.16187835334371167	195	195	40	47
elmo	time_combine=max;layer_combine=concat	sent-weat6	0.99651	-0.4681431977711713	64	64	101	112
elmo	time_combine=max;layer_combine=concat	sent-weat6b	0.25313	0.10617724986578808	80	80	101	112
elmo	time_combine=max;layer_combine=concat	sent-weat7	0.23363	0.12397328820789491	72	72	80	80
elmo	time_combine=max;layer_combine=concat	sent-weat7b	0.81997	-0.1523884702438723	72	72	64	64
elmo	time_combine=max;layer_combine=concat	sent-weat8	0.1781	0.17348153544690675	56	56	80	80
elmo	time_combine=max;layer_combine=concat	sent-weat8b	0.03309	0.34722241587780817	56	56	64	64
elmo	time_combine=max;layer_combine=concat	sent-weat9	0.18044	0.31036204757321634	18	18	21	23
elmo	time_combine=max;layer_combine=concat	weat10	0.3424242424242424	0.24293369764351638	8	8	8	8
elmo	time_combine=max;layer_combine=concat	weat1	0.66023	-0.11923363086295594	25	25	25	25
elmo	time_combine=max;layer_combine=concat	weat2	0.13023	0.3203193660289015	25	25	25	25
elmo	time_combine=max;layer_combine=concat	weat3	0.93667	-0.3815868035128641	32	32	25	25
elmo	time_combine=max;layer_combine=concat	weat3b	0.99897	-1.0704610805741221	15	15	25	25
elmo	time_combine=max;layer_combine=concat	weat4	0.59202	-0.08675881498578772	16	16	25	25
elmo	time_combine=max;layer_combine=concat	weat5	0.16526	0.35112884434906444	16	16	8	8
elmo	time_combine=max;layer_combine=concat	weat5b	0.89513	-0.4659343116746142	15	15	8	8
elmo	time_combine=max;layer_combine=concat	weat6	0.88997668997669	-0.6259917272266463	8	8	8	8
elmo	time_combine=max;layer_combine=concat	weat6b	0.6990675990675991	-0.2684401881973769	8	8	8	8
elmo	time_combine=max;layer_combine=concat	weat7	0.7793317793317793	-0.4013763247759943	8	8	8	8
elmo	time_combine=max;layer_combine=concat	weat7b	0.5578088578088578	-0.07493392875368197	8	8	8	8
elmo	time_combine=max;layer_combine=concat	weat8	0.3048951048951049	0.26825628189018924	8	8	8	8
elmo	time_combine=max;layer_combine=concat	weat8b	0.31266511266511265	0.2545898291205136	8	8	8	8
elmo	time_combine=max;layer_combine=concat	weat9	0.8354978354978355	-0.568458227599722	6	6	7	7
elmo	time_combine=mean;layer_combine=add	angry_black_woman_stereotype	0.07412	0.5264576364212449	15	15	18	18
elmo	time_combine=mean;layer_combine=add	angry_black_woman_stereotype_b	0.5714285714285714	-0.05586140775842599	4	4	18	18
elmo	time_combine=mean;layer_combine=add	heilman_double_bind_competent_1	0.6651126651126651	-0.21883063735762937	8	8	10	10
elmo	time_combine=mean;layer_combine=add	heilman_double_bind_competent_1-	1.0	-1.7733391077979248	8	8	10	10
elmo	time_combine=mean;layer_combine=add	heilman_double_bind_competent_1+3-	0.9999222999223	-1.6094841386779326	8	8	10	10
elmo	time_combine=mean;layer_combine=add	heilman_double_bind_competent_one_sentence	0.3498057498057498	0.20021622819953083	8	8	10	10
elmo	time_combine=mean;layer_combine=add	heilman_double_bind_competent_one_word	0.7504273504273504	-0.3539078767852659	8	8	10	10
elmo	time_combine=mean;layer_combine=add	heilman_double_bind_likable_1	0.9644910644910645	-0.8929730798363867	8	8	8	8
elmo	time_combine=mean;layer_combine=add	heilman_double_bind_likable_1-	0.9998445998445998	-1.61060490248005	8	8	8	8
elmo	time_combine=mean;layer_combine=add	heilman_double_bind_likable_1+3-	0.9997668997668998	-1.5246920650865523	8	8	8	8
elmo	time_combine=mean;layer_combine=add	heilman_double_bind_likable_one_sentence	0.9651126651126651	-0.899995435790864	8	8	8	8
elmo	time_combine=mean;layer_combine=add	heilman_double_bind_likable_one_word	0.8765345765345766	-0.6008546686009308	8	8	8	8
elmo	time_combine=mean;layer_combine=add	sent-angry_black_woman_stereotype	2e-05	0.523716912437534	120	120	54	54
elmo	time_combine=mean;layer_combine=add	sent-angry_black_woman_stereotype_b	0.00059	0.6191542000862724	52	52	54	54
elmo	time_combine=mean;layer_combine=add	sent-heilman_double_bind_competent_one_word	0.80677	-0.15353016944169454	64	64	30	30
elmo	time_combine=mean;layer_combine=add	sent-heilman_double_bind_likable_one_word	0.99487	-0.44951868562803876	64	64	24	24
elmo	time_combine=mean;layer_combine=add	sent-weat10	0.82501	-0.16587113237048398	64	64	40	47
elmo	time_combine=mean;layer_combine=add	sent-weat1	1e-05	0.4237448504617879	350	350	215	250
elmo	time_combine=mean;layer_combine=add	sent-weat2	1e-05	0.43227834042579383	330	330	215	250
elmo	time_combine=mean;layer_combine=add	sent-weat3	1.0	-0.3757094864317077	256	256	215	249
elmo	time_combine=mean;layer_combine=add	sent-weat3b	1.0	-0.6266964041271962	195	195	215	249
elmo	time_combine=mean;layer_combine=add	sent-weat4	0.96909	-0.23468985186120628	128	128	215	249
elmo	time_combine=mean;layer_combine=add	sent-weat5	5e-05	0.49356730701120255	128	128	40	47
elmo	time_combine=mean;layer_combine=add	sent-weat5b	0.97413	-0.19715271206613214	195	195	40	47
elmo	time_combine=mean;layer_combine=add	sent-weat6	0.98417	-0.3798853409603944	64	64	101	112
elmo	time_combine=mean;layer_combine=add	sent-weat6b	0.98592	-0.34465756417821053	80	80	101	112
elmo	time_combine=mean;layer_combine=add	sent-weat7	0.99806	-0.47879404823189803	72	72	80	80
elmo	time_combine=mean;layer_combine=add	sent-weat7b	0.46209	0.015981416458846	72	72	64	64
elmo	time_combine=mean;layer_combine=add	sent-weat8	0.94024	-0.2958460034360192	56	56	80	80
elmo	time_combine=mean;layer_combine=add	sent-weat8b	0.00156	0.5536449744601333	56	56	64	64
elmo	time_combine=mean;layer_combine=add	sent-weat9	0.30186	0.17748282280115435	18	18	21	23
elmo	time_combine=mean;layer_combine=add	weat10	0.8362859362859363	-0.5115997565690885	8	8	8	8
elmo	time_combine=mean;layer_combine=add	weat1	0.54308	-0.03149068080956637	25	25	25	25
elmo	time_combine=mean;layer_combine=add	weat2	0.08272	0.3946450732150181	25	25	25	25
elmo	time_combine=mean;layer_combine=add	weat3	0.94741	-0.40308083178038623	32	32	25	25
elmo	time_combine=mean;layer_combine=add	weat3b	0.99902	-1.0557881968029457	15	15	25	25
elmo	time_combine=mean;layer_combine=add	weat4	0.44766	0.04632848155511185	16	16	25	25
elmo	time_combine=mean;layer_combine=add	weat5	0.0753	0.5127450632901193	16	16	8	8
elmo	time_combine=mean;layer_combine=add	weat5b	0.953	-0.6088781190821458	15	15	8	8
elmo	time_combine=mean;layer_combine=add	weat6	0.8090132090132091	-0.44817184008437916	8	8	8	8
elmo	time_combine=mean;layer_combine=add	weat6b	0.6697746697746698	-0.22689949816974558	8	8	8	8
elmo	time_combine=mean;layer_combine=add	weat7	0.770940170940171	-0.3844231875978075	8	8	8	8
elmo	time_combine=mean;layer_combine=add	weat7b	0.40046620046620046	0.12691986689123205	8	8	8	8
elmo	time_combine=mean;layer_combine=add	weat8	0.34778554778554777	0.20310873188012799	8	8	8	8
elmo	time_combine=mean;layer_combine=add	weat8b	0.2209013209013209	0.3700654503740195	8	8	8	8
elmo	time_combine=mean;layer_combine=add	weat9	0.7803030303030303	-0.45036820147567946	6	6	7	7
gensen	version=nli_large_bothskip	angry_black_woman_stereotype	2e-05	1.4600385645126055	15	15	18	18
gensen	version=nli_large_bothskip	angry_black_woman_stereotype_b	0.9285714285714286	-0.9510926189675049	4	4	18	18
gensen	version=nli_large_bothskip	heilman_double_bind_competent_1	0.0005439005439005439	1.515386193975083	8	8	10	10
gensen	version=nli_large_bothskip	heilman_double_bind_competent_1+3-	7.77000777000777e-05	1.8756013582921658	8	8	10	10
gensen	version=nli_large_bothskip	heilman_double_bind_competent_1-	7.77000777000777e-05	1.912901557826332	8	8	10	10
gensen	version=nli_large_bothskip	heilman_double_bind_competent_one_sentence	0.0016317016317016317	1.291723274821544	8	8	10	10
gensen	version=nli_large_bothskip	heilman_double_bind_competent_one_word	0.0002331002331002331	1.5655141426470423	8	8	10	10
gensen	version=nli_large_bothskip	heilman_double_bind_likable_1	0.0013986013986013986	1.3517481776879785	8	8	8	8
gensen	version=nli_large_bothskip	heilman_double_bind_likable_1+3-	7.77000777000777e-05	1.9255755913756656	8	8	8	8
gensen	version=nli_large_bothskip	heilman_double_bind_likable_1-	7.77000777000777e-05	1.9283610948382954	8	8	8	8
gensen	version=nli_large_bothskip	heilman_double_bind_likable_one_sentence	0.001554001554001554	1.2902505799719743	8	8	8	8
gensen	version=nli_large_bothskip	heilman_double_bind_likable_one_word	0.0011655011655011655	1.364753149111454	8	8	8	8
gensen	version=nli_large_bothskip	sent-angry_black_woman_stereotype	1e-05	0.871110137358192	120	120	54	54
gensen	version=nli_large_bothskip	sent-angry_black_woman_stereotype_b	0.37438	0.06392437781060156	52	52	54	54
gensen	version=nli_large_bothskip	sent-heilman_double_bind_competent_one_word	1e-05	1.0404864409947594	64	64	30	30
gensen	version=nli_large_bothskip	sent-heilman_double_bind_likable_one_word	0.04421	0.2988085168730641	64	64	24	24
gensen	version=nli_large_bothskip	sent-weat10	1e-05	0.8568489644810244	64	64	40	47
gensen	version=nli_large_bothskip	sent-weat1	1e-05	1.1572908508837672	350	350	215	250
gensen	version=nli_large_bothskip	sent-weat2	1e-05	1.2886215013574815	330	330	215	250
gensen	version=nli_large_bothskip	sent-weat3	1e-05	0.94218270289675	256	256	215	249
gensen	version=nli_large_bothskip	sent-weat3b	1e-05	0.7090314564490118	195	195	215	249
gensen	version=nli_large_bothskip	sent-weat4	1e-05	1.2887997192153966	128	128	215	249
gensen	version=nli_large_bothskip	sent-weat5	1e-05	1.3550605800134519	128	128	40	47
gensen	version=nli_large_bothskip	sent-weat5b	0.03413	0.1845082790829876	195	195	40	47
gensen	version=nli_large_bothskip	sent-weat6	1e-05	1.4991972577139885	64	64	101	112
gensen	version=nli_large_bothskip	sent-weat6b	0.03795	0.281071775766104	80	80	101	112
gensen	version=nli_large_bothskip	sent-weat7	0.83658	-0.16438373785311475	72	72	80	80
gensen	version=nli_large_bothskip	sent-weat7b	1e-05	1.3936494366855876	72	72	64	64
gensen	version=nli_large_bothskip	sent-weat8	0.00055	0.5971471617368482	56	56	80	80
gensen	version=nli_large_bothskip	sent-weat8b	1e-05	1.3549591828105232	56	56	64	64
gensen	version=nli_large_bothskip	sent-weat9	4e-05	1.211166683783943	18	18	21	23
gensen	version=nli_large_bothskip	weat10	0.00916860916860917	1.140724758555114	8	8	8	8
gensen	version=nli_large_bothskip	weat1	2e-05	1.1002541989115384	25	25	25	25
gensen	version=nli_large_bothskip	weat2	3e-05	1.1676789972679802	25	25	25	25
gensen	version=nli_large_bothskip	weat3	1e-05	1.3364095725064828	32	32	25	25
gensen	version=nli_large_bothskip	weat3b	0.00074	1.087860691392645	15	15	25	25
gensen	version=nli_large_bothskip	weat4	1e-05	1.7303888652151982	16	16	25	25
gensen	version=nli_large_bothskip	weat5	1e-05	1.6570493864402163	16	16	8	8
gensen	version=nli_large_bothskip	weat5b	0.03623	0.650055897904449	15	15	8	8
gensen	version=nli_large_bothskip	weat6	7.77000777000777e-05	1.8349763486772008	8	8	8	8
gensen	version=nli_large_bothskip	weat6b	0.17956487956487957	0.47266222687182824	8	8	8	8
gensen	version=nli_large_bothskip	weat7	0.3996891996891997	0.13207071573367948	8	8	8	8
gensen	version=nli_large_bothskip	weat7b	0.02641802641802642	0.9514305029024437	8	8	8	8
gensen	version=nli_large_bothskip	weat8	0.5825951825951826	-0.10575184220506224	8	8	8	8
gensen	version=nli_large_bothskip	weat8b	0.08057498057498058	0.7089818687429881	8	8	8	8
gensen	version=nli_large_bothskip	weat9	0.09632034632034632	0.7676120226909428	6	6	7	7
gensen	version=nli_large_bothskip_parse	angry_black_woman_stereotype	1e-05	1.671596820151215	15	15	18	18
gensen	version=nli_large_bothskip_parse	angry_black_woman_stereotype_b	0.07142857142857142	0.974455696386925	4	4	18	18
gensen	version=nli_large_bothskip_parse	heilman_double_bind_competent_1	0.980963480963481	-0.9955779343357898	8	8	10	10
gensen	version=nli_large_bothskip_parse	heilman_double_bind_competent_1-	1.0	-1.692812236033916	8	8	10	10
gensen	version=nli_large_bothskip_parse	heilman_double_bind_competent_1+3-	0.9941724941724942	-1.1514565807334658	8	8	10	10
gensen	version=nli_large_bothskip_parse	heilman_double_bind_competent_one_sentence	0.15112665112665113	0.5269811289785306	8	8	10	10
gensen	version=nli_large_bothskip_parse	heilman_double_bind_competent_one_word	0.0008547008547008547	1.3898261067791227	8	8	10	10
gensen	version=nli_large_bothskip_parse	heilman_double_bind_likable_1	0.6672105672105673	-0.22921194155589839	8	8	8	8
gensen	version=nli_large_bothskip_parse	heilman_double_bind_likable_1+3-	7.77000777000777e-05	1.9138166290514118	8	8	8	8
gensen	version=nli_large_bothskip_parse	heilman_double_bind_likable_1-	7.77000777000777e-05	1.9170731562862644	8	8	8	8
gensen	version=nli_large_bothskip_parse	heilman_double_bind_likable_one_sentence	0.9799533799533799	-1.0020575051199945	8	8	8	8
gensen	version=nli_large_bothskip_parse	heilman_double_bind_likable_one_word	0.007148407148407148	1.166674093055975	8	8	8	8
gensen	version=nli_large_bothskip_parse	sent-angry_black_woman_stereotype	1e-05	1.185428193187832	120	120	54	54
gensen	version=nli_large_bothskip_parse	sent-angry_black_woman_stereotype_b	1e-05	0.987096101052091	52	52	54	54
gensen	version=nli_large_bothskip_parse	sent-heilman_double_bind_competent_one_word	0.00034	0.5958467031760201	64	64	30	30
gensen	version=nli_large_bothskip_parse	sent-heilman_double_bind_likable_one_word	0.11182	0.21324283986004525	64	64	24	24
gensen	version=nli_large_bothskip_parse	sent-weat10	1e-05	0.982909437628031	64	64	40	47
gensen	version=nli_large_bothskip_parse	sent-weat1	1e-05	1.1657073984324775	350	350	215	250
gensen	version=nli_large_bothskip_parse	sent-weat2	1e-05	1.3260162179985486	330	330	215	250
gensen	version=nli_large_bothskip_parse	sent-weat3	1e-05	0.9710604510926549	256	256	215	249
gensen	version=nli_large_bothskip_parse	sent-weat3b	1e-05	0.855795853638038	195	195	215	249
gensen	version=nli_large_bothskip_parse	sent-weat4	1e-05	1.4199522201008168	128	128	215	249
gensen	version=nli_large_bothskip_parse	sent-weat5	1e-05	1.5160696608066155	128	128	40	47
gensen	version=nli_large_bothskip_parse	sent-weat5b	1e-05	0.6394511557290522	195	195	40	47
gensen	version=nli_large_bothskip_parse	sent-weat6	1e-05	1.7341795922243053	64	64	101	112
gensen	version=nli_large_bothskip_parse	sent-weat6b	0.61579	-0.04608396077386633	80	80	101	112
gensen	version=nli_large_bothskip_parse	sent-weat7	0.00097	0.5145018243374913	72	72	80	80
gensen	version=nli_large_bothskip_parse	sent-weat7b	1e-05	1.4426607358159216	72	72	64	64
gensen	version=nli_large_bothskip_parse	sent-weat8	0.00035	0.6235589457561934	56	56	80	80
gensen	version=nli_large_bothskip_parse	sent-weat8b	1e-05	1.4006461378374038	56	56	64	64
gensen	version=nli_large_bothskip_parse	sent-weat9	1e-05	1.6218693577527163	18	18	21	23
gensen	version=nli_large_bothskip_parse	weat10	0.0003108003108003108	1.5380154660907903	8	8	8	8
gensen	version=nli_large_bothskip_parse	weat1	1e-05	1.165915422576564	25	25	25	25
gensen	version=nli_large_bothskip_parse	weat2	1e-05	1.3522952712703145	25	25	25	25
gensen	version=nli_large_bothskip_parse	weat3	1e-05	1.2745815247050354	32	32	25	25
gensen	version=nli_large_bothskip_parse	weat3b	0.00047	1.1094373946906564	15	15	25	25
gensen	version=nli_large_bothskip_parse	weat4	1e-05	1.768325276076447	16	16	25	25
gensen	version=nli_large_bothskip_parse	weat5	1e-05	1.7599902667304135	16	16	8	8
gensen	version=nli_large_bothskip_parse	weat5b	0.0066	0.869876825918617	15	15	8	8
gensen	version=nli_large_bothskip_parse	weat6	7.77000777000777e-05	1.8389914089803727	8	8	8	8
gensen	version=nli_large_bothskip_parse	weat6b	0.49121989121989124	0.01105871049589683	8	8	8	8
gensen	version=nli_large_bothskip_parse	weat7	0.05182595182595182	0.8216414894559274	8	8	8	8
gensen	version=nli_large_bothskip_parse	weat7b	0.00473970473970474	1.2042124444707176	8	8	8	8
gensen	version=nli_large_bothskip_parse	weat8	0.6205128205128205	-0.1650790364452174	8	8	8	8
gensen	version=nli_large_bothskip_parse	weat8b	0.026806526806526808	0.9581682123140969	8	8	8	8
gensen	version=nli_large_bothskip_parse	weat9	0.008658008658008658	1.2712177487372456	6	6	7	7
gensen	version=nli_large_bothskip_parse,nli_large_bothskip	angry_black_woman_stereotype	1e-05	1.5722207337334766	15	15	18	18
gensen	version=nli_large_bothskip_parse,nli_large_bothskip	angry_black_woman_stereotype_b	0.6142857142857143	-0.14697561726445715	4	4	18	18
gensen	version=nli_large_bothskip_parse,nli_large_bothskip	heilman_double_bind_competent_1	0.0696969696969697	0.7463429930734063	8	8	10	10
gensen	version=nli_large_bothskip_parse,nli_large_bothskip	heilman_double_bind_competent_1+3-	7.77000777000777e-05	1.7390973066342492	8	8	10	10
gensen	version=nli_large_bothskip_parse,nli_large_bothskip	heilman_double_bind_competent_1-	7.77000777000777e-05	1.819754426881282	8	8	10	10
gensen	version=nli_large_bothskip_parse,nli_large_bothskip	heilman_double_bind_competent_one_sentence	0.01662781662781663	1.0343420972732051	8	8	10	10
gensen	version=nli_large_bothskip_parse,nli_large_bothskip	heilman_double_bind_competent_one_word	0.0003108003108003108	1.4948579791422119	8	8	10	10
gensen	version=nli_large_bothskip_parse,nli_large_bothskip	heilman_double_bind_likable_1	0.10606060606060606	0.645163290691434	8	8	8	8
gensen	version=nli_large_bothskip_parse,nli_large_bothskip	heilman_double_bind_likable_1+3-	7.77000777000777e-05	1.9267107551858438	8	8	8	8
gensen	version=nli_large_bothskip_parse,nli_large_bothskip	heilman_double_bind_likable_1-	7.77000777000777e-05	1.9288844044670794	8	8	8	8
gensen	version=nli_large_bothskip_parse,nli_large_bothskip	heilman_double_bind_likable_one_sentence	0.46223776223776225	0.05241523392500927	8	8	8	8
gensen	version=nli_large_bothskip_parse,nli_large_bothskip	heilman_double_bind_likable_one_word	0.002097902097902098	1.3144515598151096	8	8	8	8
gensen	version=nli_large_bothskip_parse,nli_large_bothskip	sent-angry_black_woman_stereotype	1e-05	1.0512277360638587	120	120	54	54
gensen	version=nli_large_bothskip_parse,nli_large_bothskip	sent-angry_black_woman_stereotype_b	0.0001	0.7191779430525956	52	52	54	54
gensen	version=nli_large_bothskip_parse,nli_large_bothskip	sent-heilman_double_bind_competent_one_word	1e-05	0.8336753532426974	64	64	30	30
gensen	version=nli_large_bothskip_parse,nli_large_bothskip	sent-heilman_double_bind_likable_one_word	0.07583	0.2524141295756392	64	64	24	24
gensen	version=nli_large_bothskip_parse,nli_large_bothskip	sent-weat10	1e-05	0.9577264863275721	64	64	40	47
gensen	version=nli_large_bothskip_parse,nli_large_bothskip	sent-weat1	1e-05	1.221111839090593	350	350	215	250
gensen	version=nli_large_bothskip_parse,nli_large_bothskip	sent-weat2	1e-05	1.3404734365359054	330	330	215	250
gensen	version=nli_large_bothskip_parse,nli_large_bothskip	sent-weat3	1e-05	0.9684043539646171	256	256	215	249
gensen	version=nli_large_bothskip_parse,nli_large_bothskip	sent-weat3b	1e-05	0.8192806458946118	195	195	215	249
gensen	version=nli_large_bothskip_parse,nli_large_bothskip	sent-weat4	1e-05	1.378136806544066	128	128	215	249
gensen	version=nli_large_bothskip_parse,nli_large_bothskip	sent-weat5	1e-05	1.4812117035032712	128	128	40	47
gensen	version=nli_large_bothskip_parse,nli_large_bothskip	sent-weat5b	1e-05	0.47749215144615526	195	195	40	47
gensen	version=nli_large_bothskip_parse,nli_large_bothskip	sent-weat6	1e-05	1.631223606658155	64	64	101	112
gensen	version=nli_large_bothskip_parse,nli_large_bothskip	sent-weat6b	0.20882	0.12861523101385408	80	80	101	112
gensen	version=nli_large_bothskip_parse,nli_large_bothskip	sent-weat7	0.11512	0.20053628106077273	72	72	80	80
gensen	version=nli_large_bothskip_parse,nli_large_bothskip	sent-weat7b	1e-05	1.4677204905244328	72	72	64	64
gensen	version=nli_large_bothskip_parse,nli_large_bothskip	sent-weat8	0.00012	0.6698810207164688	56	56	80	80
gensen	version=nli_large_bothskip_parse,nli_large_bothskip	sent-weat8b	1e-05	1.4820343703362637	56	56	64	64
gensen	version=nli_large_bothskip_parse,nli_large_bothskip	sent-weat9	1e-05	1.5232637543632452	18	18	21	23
gensen	version=nli_large_bothskip_parse,nli_large_bothskip	weat10	0.0009324009324009324	1.403045536903988	8	8	8	8
gensen	version=nli_large_bothskip_parse,nli_large_bothskip	weat1	1e-05	1.2444486288301007	25	25	25	25
gensen	version=nli_large_bothskip_parse,nli_large_bothskip	weat2	1e-05	1.3145979272068733	25	25	25	25
gensen	version=nli_large_bothskip_parse,nli_large_bothskip	weat3	1e-05	1.3189143965652406	32	32	25	25
gensen	version=nli_large_bothskip_parse,nli_large_bothskip	weat3b	0.00043	1.1196568437560248	15	15	25	25
gensen	version=nli_large_bothskip_parse,nli_large_bothskip	weat4	1e-05	1.7649642897272917	16	16	25	25
gensen	version=nli_large_bothskip_parse,nli_large_bothskip	weat5	1e-05	1.733239511757745	16	16	8	8
gensen	version=nli_large_bothskip_parse,nli_large_bothskip	weat5b	0.01238	0.8002604611458873	15	15	8	8
gensen	version=nli_large_bothskip_parse,nli_large_bothskip	weat6	7.77000777000777e-05	1.8436489684860125	8	8	8	8
gensen	version=nli_large_bothskip_parse,nli_large_bothskip	weat6b	0.22804972804972806	0.37072887871410004	8	8	8	8
gensen	version=nli_large_bothskip_parse,nli_large_bothskip	weat7	0.1675213675213675	0.49606491715603496	8	8	8	8
gensen	version=nli_large_bothskip_parse,nli_large_bothskip	weat7b	0.010878010878010878	1.0952491235904391	8	8	8	8
gensen	version=nli_large_bothskip_parse,nli_large_bothskip	weat8	0.6095571095571095	-0.1427008495313025	8	8	8	8
gensen	version=nli_large_bothskip_parse,nli_large_bothskip	weat8b	0.041025641025641026	0.8720486562297266	8	8	8	8
gensen	version=nli_large_bothskip_parse,nli_large_bothskip	weat9	0.011904761904761904	1.2506620196196625	6	6	7	7
guse		angry_black_woman_stereotype	0.8558	-0.39361538672409174	15	15	18	18
guse		angry_black_woman_stereotype_b	0.38571428571428573	0.24801425556281	4	4	18	18
guse		heilman_double_bind_competent_1	0.9999222999223	-1.5400165142657372	8	8	10	10
guse		heilman_double_bind_competent_1-	1.0	-1.9177667287767173	8	8	10	10
guse		heilman_double_bind_competent_1+3-	1.0	-1.8547640684504931	8	8	10	10
guse		heilman_double_bind_competent_one_sentence	0.08080808080808081	0.7101393629086868	8	8	10	10
guse		heilman_double_bind_competent_one_word	0.0002331002331002331	1.5084031127869182	8	8	10	10
guse		heilman_double_bind_likable_1	7.77000777000777e-05	1.8078307065671961	8	8	8	8
guse		heilman_double_bind_likable_1-	7.77000777000777e-05	1.9280783900243619	8	8	8	8
guse		heilman_double_bind_likable_1+3-	7.77000777000777e-05	1.9248942765313848	8	8	8	8
guse		heilman_double_bind_likable_one_sentence	0.1794094794094794	0.4775107304525603	8	8	8	8
guse		heilman_double_bind_likable_one_word	0.38756798756798755	0.15670105346265095	8	8	8	8
guse		sent-angry_black_woman_stereotype	0.92676	-0.18759190054486302	120	120	54	54
guse		sent-angry_black_woman_stereotype_b	0.00016	0.6947350316787737	52	52	54	54
guse		sent-heilman_double_bind_competent_one_word	0.08014	0.2506225869999224	64	64	30	30
guse		sent-heilman_double_bind_likable_one_word	0.03567	0.3197634424779002	64	64	24	24
guse		sent-weat1	1e-05	1.3831051364870202	350	350	215	250
guse		sent-weat10	0.00246	0.4919258761310338	64	64	40	47
guse		sent-weat2	1e-05	1.5048492877539292	330	330	215	250
guse		sent-weat3	0.0001	0.32160831110998567	256	256	215	249
guse		sent-weat3b	0.99572	-0.264113619362965	195	195	215	249
guse		sent-weat4	0.99544	-0.32451541430879405	128	128	215	249
guse		sent-weat5	0.05666	0.19794035664391132	128	128	40	47
guse		sent-weat5b	2e-05	0.4644654369525293	195	195	40	47
guse		sent-weat6	1e-05	0.8311953721829175	64	64	101	112
guse		sent-weat6b	0.07274	0.23013117625802215	80	80	101	112
guse		sent-weat7	5e-05	0.6196275352077536	72	72	80	80
guse		sent-weat7b	1e-05	1.1622070087499432	72	72	64	64
guse		sent-weat8	0.00022	0.6486133477068755	56	56	80	80
guse		sent-weat8b	1e-05	1.1099687951012034	56	56	64	64
guse		sent-weat9	0.09971	0.43615752020822235	18	18	21	23
guse		weat1	1e-05	1.3799843286440312	25	25	25	25
guse		weat10	0.01825951825951826	1.0113540790161302	8	8	8	8
guse		weat2	1e-05	1.4413330362786436	25	25	25	25
guse		weat3	0.01831	0.5195171974010843	32	32	25	25
guse		weat3b	0.24505	0.2559220869216688	15	15	25	25
guse		weat4	0.90556	-0.4701438358348151	16	16	25	25
guse		weat5	0.0673	0.5276544342946388	16	16	8	8
guse		weat5b	0.01532	0.7778162439130938	15	15	8	8
guse		weat6	0.4818181818181818	0.024817923552629496	8	8	8	8
guse		weat6b	0.35135975135975134	0.20094666365136205	8	8	8	8
guse		weat7	0.12463092463092464	0.5877107866408301	8	8	8	8
guse		weat7b	0.05501165501165501	0.8060650237088792	8	8	8	8
guse		weat8	0.07645687645687646	0.715067984818526	8	8	8	8
guse		weat8b	0.19316239316239317	0.4444059002831308	8	8	8	8
guse		weat9	0.0010822510822510823	1.6039173344341684	6	6	7	7
infersent		angry_black_woman_stereotype	0.0003	1.1790674787664144	15	15	18	18
infersent		angry_black_woman_stereotype_b	0.05714285714285714	1.218226490081193	4	4	18	18
infersent		heilman_double_bind_competent_1	0.006604506604506605	1.1410470664710985	8	8	10	10
infersent		heilman_double_bind_competent_1-	7.77000777000777e-05	1.7447928848069791	8	8	10	10
infersent		heilman_double_bind_competent_1+3-	7.77000777000777e-05	1.8552506518984928	8	8	10	10
infersent		heilman_double_bind_competent_one_sentence	0.0002331002331002331	1.42076173194466	8	8	10	10
infersent		heilman_double_bind_competent_one_word	0.013131313131313131	1.0874802159497985	8	8	10	10
infersent		heilman_double_bind_likable_1	0.009246309246309247	1.0300971009747475	8	8	8	8
infersent		heilman_double_bind_likable_1-	7.77000777000777e-05	1.9211337441735892	8	8	8	8
infersent		heilman_double_bind_likable_1+3-	7.77000777000777e-05	1.9230684042058976	8	8	8	8
infersent		heilman_double_bind_likable_one_sentence	0.001320901320901321	1.3335937163184117	8	8	8	8
infersent		heilman_double_bind_likable_one_word	0.10878010878010878	0.6462665732546511	8	8	8	8
infersent		sent-angry_black_woman_stereotype	1e-05	0.9755706906580962	120	120	54	54
infersent		sent-angry_black_woman_stereotype_b	1e-05	1.1793892590223647	52	52	54	54
infersent		sent-heilman_double_bind_competent_one_word	0.00055	0.57214983794744	64	64	30	30
infersent		sent-heilman_double_bind_likable_one_word	0.01793	0.37097607691999535	64	64	24	24
infersent		sent-weat1	1e-05	1.6496511149217172	350	350	215	250
infersent		sent-weat10	1e-05	1.1373898755061165	64	64	40	47
infersent		sent-weat2	1e-05	1.4438465433398684	330	330	215	250
infersent		sent-weat3	1e-05	1.06798908794153	256	256	215	249
infersent		sent-weat3b	0.0001	0.38489558190383066	195	195	215	249
infersent		sent-weat4	1e-05	1.2927281194210565	128	128	215	249
infersent		sent-weat5	1e-05	1.1631727157134375	128	128	40	47
infersent		sent-weat5b	0.06623	0.15286634816800235	195	195	40	47
infersent		sent-weat6	1e-05	1.691575710553359	64	64	101	112
infersent		sent-weat6b	0.01382	0.34799281375396507	80	80	101	112
infersent		sent-weat7	1e-05	1.0644227867827796	72	72	80	80
infersent		sent-weat7b	1e-05	1.535105055410388	72	72	64	64
infersent		sent-weat8	1e-05	1.161032100619619	56	56	80	80
infersent		sent-weat8b	1e-05	1.625227227675682	56	56	64	64
infersent		sent-weat9	0.42908	0.062172725843850606	18	18	21	23
infersent		weat1	1e-05	1.5589665311091039	25	25	25	25
infersent		weat10	0.01282051282051282	1.0896552432046944	8	8	8	8
infersent		weat2	1e-05	1.515261204556143	25	25	25	25
infersent		weat3	1e-05	1.3320930677414384	32	32	25	25
infersent		weat3b	0.02448	0.7095727546946516	15	15	25	25
infersent		weat4	1e-05	1.6002056137058054	16	16	25	25
infersent		weat5	2e-05	1.409329171424028	16	16	8	8
infersent		weat5b	0.33673	0.15929162880334308	15	15	8	8
infersent		weat6	7.77000777000777e-05	1.7775941789492782	8	8	8	8
infersent		weat6b	0.18686868686868688	0.45751888696615256	8	8	8	8
infersent		weat7	0.002797202797202797	1.2799456533427296	8	8	8	8
infersent		weat7b	7.77000777000777e-05	1.6267950604302055	8	8	8	8
infersent		weat8	0.003962703962703963	1.2614173642814253	8	8	8	8
infersent		weat8b	7.77000777000777e-05	1.7048847658391892	8	8	8	8
infersent		weat9	0.00974025974025974	1.2983217317162095	6	6	7	7
openai		angry_black_woman_stereotype	0.41775	0.07961235145664558	15	15	18	18
openai		angry_black_woman_stereotype_b	0.07142857142857142	1.1206632196716375	4	4	18	18
openai		heilman_double_bind_competent_1	0.8436674436674436	-0.5204322946761766	8	8	10	10
openai		heilman_double_bind_competent_1-	0.9973581973581973	-1.2951556698574629	8	8	10	10
openai		heilman_double_bind_competent_1+3-	0.3752913752913753	0.17261004010955563	8	8	10	10
openai		heilman_double_bind_competent_one_sentence	0.08073038073038073	0.7130625198824272	8	8	10	10
openai		heilman_double_bind_competent_one_word	0.7043512043512044	-0.28316761572270394	8	8	10	10
openai		heilman_double_bind_likable_1	0.29774669774669776	0.2732300512958725	8	8	8	8
openai		heilman_double_bind_likable_1-	0.16216006216006215	0.5165123136753962	8	8	8	8
openai		heilman_double_bind_likable_1+3-	0.9235431235431235	-0.7231276096061252	8	8	8	8
openai		heilman_double_bind_likable_one_sentence	0.9606837606837607	-0.8715225892363169	8	8	8	8
openai		heilman_double_bind_likable_one_word	0.03333333333333333	0.9067877903770161	8	8	8	8
openai		sent-angry_black_woman_stereotype	0.70124	-0.06869538661833549	120	120	54	54
openai		sent-angry_black_woman_stereotype_b	0.02915	0.37008454949726644	52	52	54	54
openai		sent-heilman_double_bind_competent_one_word	0.29434	0.09628795378870429	64	64	30	30
openai		sent-heilman_double_bind_likable_one_word	0.86867	-0.19913899203489457	64	64	24	24
openai		sent-weat1	1e-05	0.8108001274567983	350	350	215	250
openai		sent-weat10	0.71014	-0.09835730512572356	64	64	40	47
openai		sent-weat2	1e-05	1.1316167700232123	330	330	215	250
openai		sent-weat3	0.01434	0.19338936760288467	256	256	215	249
openai		sent-weat3b	0.97748	-0.2026967823571278	195	195	215	249
openai		sent-weat4	0.0034	0.33758250086897873	128	128	215	249
openai		sent-weat5	6e-05	0.47458246517106145	128	128	40	47
openai		sent-weat5b	0.93683	-0.1548443619464528	195	195	40	47
openai		sent-weat6	0.02507	0.3454141545892802	64	64	101	112
openai		sent-weat6b	0.40348	0.037822041322491735	80	80	101	112
openai		sent-weat7	0.89249	-0.20762208320539416	72	72	80	80
openai		sent-weat7b	0.18583	0.14915403314427017	72	72	64	64
openai		sent-weat8	5e-05	0.7090190774829932	56	56	80	80
openai		sent-weat8b	0.001	0.5753139591229504	56	56	64	64
openai		sent-weat9	0.14616	0.3597061133778035	18	18	21	23
openai		weat1	0.2418	0.19650361295592603	25	25	25	25
openai		weat10	0.07016317016317017	0.7398594964235633	8	8	8	8
openai		weat2	0.07496	0.40627464007160935	25	25	25	25
openai		weat3	0.00718	0.6012004106739488	32	32	25	25
openai		weat3b	0.55428	-0.05094961031138716	15	15	25	25
openai		weat4	0.00166	0.9983722474194805	16	16	25	25
openai		weat5	0.09361	0.47204919579891486	16	16	8	8
openai		weat5b	0.909	-0.4945073692181972	15	15	8	8
openai		weat6	0.34312354312354315	0.21886729015406722	8	8	8	8
openai		weat6b	0.8882672882672883	-0.6277947365478251	8	8	8	8
openai		weat7	0.9101010101010101	-0.6991826765085997	8	8	8	8
openai		weat7b	0.8170940170940171	-0.47610339936863827	8	8	8	8
openai		weat8	0.6801087801087801	-0.24213854208116795	8	8	8	8
openai		weat8b	0.28438228438228436	0.29434901342148856	8	8	8	8
openai		weat9	0.1461038961038961	0.6289752658648341	6	6	7	7
