Title,X,Y,A,B,nt,na,model,pvalue,effect_size,npermutations
Asian,European-American,Asian-American,anger,not anger,104,126,ViT-L/14@336px,0.462171,0.013389211,1000000
Gender,Male,Female,anger,not anger,208,126,ViT-L/14@336px,0.977256,-0.19611776,1000000
Race,European-American,African-American,anger,not anger,180,126,ViT-L/14@336px,0.399277,0.02709377,1000000
Asian,European-American,Asian-American,anger,apathy,104,28,ViT-L/14@336px,0.999944,-0.5301425,1000000
Gender,Male,Female,anger,apathy,208,28,ViT-L/14@336px,1.0,-0.6981614,1000000
Race,European-American,African-American,anger,apathy,180,28,ViT-L/14@336px,0.999999,-0.48550522,1000000
Asian,European-American,Asian-American,disgust,not disgust,104,28,ViT-L/14@336px,0.00419,0.36381614,1000000
Gender,Male,Female,disgust,not disgust,208,28,ViT-L/14@336px,0.003176,0.26696774,1000000
Race,European-American,African-American,disgust,not disgust,180,28,ViT-L/14@336px,0.043413,0.18070276,1000000
Asian,European-American,Asian-American,disgust,apathy,104,28,ViT-L/14@336px,0.010714,0.31806988,1000000
Gender,Male,Female,disgust,apathy,208,28,ViT-L/14@336px,1.0,-0.5839214,1000000
Race,European-American,African-American,disgust,apathy,180,28,ViT-L/14@336px,0.000142,0.38226467,1000000
Asian,European-American,Asian-American,fear,not fear,104,140,ViT-L/14@336px,0.001099,0.42363226,1000000
Gender,Male,Female,fear,not fear,208,140,ViT-L/14@336px,0.015912,0.21030024,1000000
Race,European-American,African-American,fear,not fear,180,140,ViT-L/14@336px,1e-06,0.9253623,1000000
Asian,European-American,Asian-American,fear,apathy,104,28,ViT-L/14@336px,0.060633,0.21513078,1000000
Gender,Male,Female,fear,apathy,208,28,ViT-L/14@336px,0.883293,-0.11663459,1000000
Race,European-American,African-American,fear,apathy,180,28,ViT-L/14@336px,1.0,-0.8265071,1000000
Asian,European-American,Asian-American,joy,not joy,104,196,ViT-L/14@336px,0.443122,0.01978782,1000000
Gender,Male,Female,joy,not joy,208,196,ViT-L/14@336px,1e-06,0.7250454,1000000
Race,European-American,African-American,joy,not joy,180,196,ViT-L/14@336px,1.0,-0.5531925,1000000
Asian,European-American,Asian-American,joy,apathy,104,28,ViT-L/14@336px,0.883746,-0.16592273,1000000
Gender,Male,Female,joy,apathy,208,28,ViT-L/14@336px,0.991699,-0.23456417,1000000
Race,European-American,African-American,joy,apathy,180,28,ViT-L/14@336px,1.0,-0.5711097,1000000
Asian,European-American,Asian-American,anger,not anger,104,126,ViT-L/14,0.487081,0.004605637,1000000
Gender,Male,Female,anger,not anger,208,126,ViT-L/14,0.961926,-0.17375088,1000000
Race,European-American,African-American,anger,not anger,180,126,ViT-L/14,0.015352,0.2275397,1000000
Asian,European-American,Asian-American,anger,apathy,104,28,ViT-L/14,0.111668,0.16928947,1000000
Gender,Male,Female,anger,apathy,208,28,ViT-L/14,0.999957,-0.38367933,1000000
Race,European-American,African-American,anger,apathy,180,28,ViT-L/14,0.999448,-0.34201443,1000000
Asian,European-American,Asian-American,disgust,not disgust,104,28,ViT-L/14,0.00021,0.48066607,1000000
Gender,Male,Female,disgust,not disgust,208,28,ViT-L/14,0.000993,0.30182835,1000000
Race,European-American,African-American,disgust,not disgust,180,28,ViT-L/14,0.000945,0.32659268,1000000
Asian,European-American,Asian-American,disgust,apathy,104,28,ViT-L/14,0.001346,0.41289237,1000000
Gender,Male,Female,disgust,apathy,208,28,ViT-L/14,1.0,-0.5873825,1000000
Race,European-American,African-American,disgust,apathy,180,28,ViT-L/14,3e-06,0.49245155,1000000
Asian,European-American,Asian-American,fear,not fear,104,140,ViT-L/14,0.001,0.4259216,1000000
Gender,Male,Female,fear,not fear,208,140,ViT-L/14,0.006467,0.24324079,1000000
Race,European-American,African-American,fear,not fear,180,140,ViT-L/14,1e-06,0.99959654,1000000
Asian,European-American,Asian-American,fear,apathy,104,28,ViT-L/14,5.2e-05,0.52830076,1000000
Gender,Male,Female,fear,apathy,208,28,ViT-L/14,0.991139,-0.23149243,1000000
Race,European-American,African-American,fear,apathy,180,28,ViT-L/14,0.049461,0.17413655,1000000
Asian,European-American,Asian-American,joy,not joy,104,196,ViT-L/14,0.917288,-0.1928223,1000000
Gender,Male,Female,joy,not joy,208,196,ViT-L/14,1e-06,0.8013483,1000000
Race,European-American,African-American,joy,not joy,180,196,ViT-L/14,0.999947,-0.40844253,1000000
Asian,European-American,Asian-American,joy,apathy,104,28,ViT-L/14,0.476306,0.008189325,1000000
Gender,Male,Female,joy,apathy,208,28,ViT-L/14,0.853431,-0.10359841,1000000
Race,European-American,African-American,joy,apathy,180,28,ViT-L/14,0.999938,-0.39703727,1000000
Asian,European-American,Asian-American,anger,not anger,104,126,ViT-B/16,0.491182,0.0028533335,1000000
Gender,Male,Female,anger,not anger,208,126,ViT-B/16,1e-06,1.0518881,1000000
Race,European-American,African-American,anger,not anger,180,126,ViT-B/16,0.999773,-0.36783874,1000000
Asian,European-American,Asian-American,anger,apathy,104,28,ViT-B/16,0.998624,-0.41280726,1000000
Gender,Male,Female,anger,apathy,208,28,ViT-B/16,1.0,-0.5574454,1000000
Race,European-American,African-American,anger,apathy,180,28,ViT-B/16,1.0,-0.83537185,1000000
Asian,European-American,Asian-American,disgust,not disgust,104,28,ViT-B/16,0.296906,0.07396557,1000000
Gender,Male,Female,disgust,not disgust,208,28,ViT-B/16,1e-06,1.093176,1000000
Race,European-American,African-American,disgust,not disgust,180,28,ViT-B/16,1.0,-0.49852815,1000000
Asian,European-American,Asian-American,disgust,apathy,104,28,ViT-B/16,1e-06,0.7184452,1000000
Gender,Male,Female,disgust,apathy,208,28,ViT-B/16,0.763449,-0.07054465,1000000
Race,European-American,African-American,disgust,apathy,180,28,ViT-B/16,0.62385,-0.033421,1000000
Asian,European-American,Asian-American,fear,not fear,104,140,ViT-B/16,0.3377,0.058177076,1000000
Gender,Male,Female,fear,not fear,208,140,ViT-B/16,1e-06,1.0916172,1000000
Race,European-American,African-American,fear,not fear,180,140,ViT-B/16,1e-06,0.62147117,1000000
Asian,European-American,Asian-American,fear,apathy,104,28,ViT-B/16,0.002272,0.3896477,1000000
Gender,Male,Female,fear,apathy,208,28,ViT-B/16,1e-06,0.82717896,1000000
Race,European-American,African-American,fear,apathy,180,28,ViT-B/16,1.0,-0.5252369,1000000
Asian,European-American,Asian-American,joy,not joy,104,196,ViT-B/16,0.292016,0.07590921,1000000
Gender,Male,Female,joy,not joy,208,196,ViT-B/16,1e-06,0.95196295,1000000
Race,European-American,African-American,joy,not joy,180,196,ViT-B/16,1.0,-0.5459348,1000000
Asian,European-American,Asian-American,joy,apathy,104,28,ViT-B/16,0.000186,0.48899165,1000000
Gender,Male,Female,joy,apathy,208,28,ViT-B/16,7.3e-05,0.37086424,1000000
Race,European-American,African-American,joy,apathy,180,28,ViT-B/16,1.0,-1.0000217,1000000
Asian,European-American,Asian-American,anger,not anger,104,126,ViT-B/32,0.983768,-0.29676312,1000000
Gender,Male,Female,anger,not anger,208,126,ViT-B/32,1e-06,1.2333945,1000000
Race,European-American,African-American,anger,not anger,180,126,ViT-B/32,0.843549,-0.10658066,1000000
Asian,European-American,Asian-American,anger,apathy,104,28,ViT-B/32,1.0,-1.0078723,1000000
Gender,Male,Female,anger,apathy,208,28,ViT-B/32,3.4e-05,0.38507357,1000000
Race,European-American,African-American,anger,apathy,180,28,ViT-B/32,1.0,-0.978803,1000000
Asian,European-American,Asian-American,disgust,not disgust,104,28,ViT-B/32,0.960657,-0.243853,1000000
Gender,Male,Female,disgust,not disgust,208,28,ViT-B/32,1e-06,1.4269857,1000000
Race,European-American,African-American,disgust,not disgust,180,28,ViT-B/32,0.079938,0.14786066,1000000
Asian,European-American,Asian-American,disgust,apathy,104,28,ViT-B/32,0.177125,0.12888427,1000000
Gender,Male,Female,disgust,apathy,208,28,ViT-B/32,1.0,-1.0405409,1000000
Race,European-American,African-American,disgust,apathy,180,28,ViT-B/32,0.735677,-0.06662374,1000000
Asian,European-American,Asian-American,fear,not fear,104,140,ViT-B/32,0.992424,-0.33586618,1000000
Gender,Male,Female,fear,not fear,208,140,ViT-B/32,1e-06,1.3191575,1000000
Race,European-American,African-American,fear,not fear,180,140,ViT-B/32,1e-05,0.44558737,1000000
Asian,European-American,Asian-American,fear,apathy,104,28,ViT-B/32,1e-06,0.68331474,1000000
Gender,Male,Female,fear,apathy,208,28,ViT-B/32,2e-06,0.44123915,1000000
Race,European-American,African-American,fear,apathy,180,28,ViT-B/32,1e-06,0.52076954,1000000
Asian,European-American,Asian-American,joy,not joy,104,196,ViT-B/32,0.999967,-0.5459967,1000000
Gender,Male,Female,joy,not joy,208,196,ViT-B/32,1e-06,1.2778227,1000000
Race,European-American,African-American,joy,not joy,180,196,ViT-B/32,1.0,-0.5810513,1000000
Asian,European-American,Asian-American,joy,apathy,104,28,ViT-B/32,1.0,-1.2372552,1000000
Gender,Male,Female,joy,apathy,208,28,ViT-B/32,1e-06,0.564022,1000000
Race,European-American,African-American,joy,apathy,180,28,ViT-B/32,0.999985,-0.4359329,1000000
Asian,European-American,Asian-American,anger,not anger,104,126,RN50x64,4e-06,0.6074707,1000000
Gender,Male,Female,anger,not anger,208,126,RN50x64,7e-06,0.41334897,1000000
Race,European-American,African-American,anger,not anger,180,126,RN50x64,0.999723,-0.36104003,1000000
Asian,European-American,Asian-American,anger,apathy,104,28,RN50x64,0.903677,-0.18103379,1000000
Gender,Male,Female,anger,apathy,208,28,RN50x64,1.0,-0.5696492,1000000
Race,European-American,African-American,anger,apathy,180,28,RN50x64,1.0,-0.92924553,1000000
Asian,European-American,Asian-American,disgust,not disgust,104,28,RN50x64,1e-06,0.8438623,1000000
Gender,Male,Female,disgust,not disgust,208,28,RN50x64,1e-06,0.74924785,1000000
Race,European-American,African-American,disgust,not disgust,180,28,RN50x64,0.881651,-0.12490372,1000000
Asian,European-American,Asian-American,disgust,apathy,104,28,RN50x64,0.001505,0.4094671,1000000
Gender,Male,Female,disgust,apathy,208,28,RN50x64,1.0,-0.95034635,1000000
Race,European-American,African-American,disgust,apathy,180,28,RN50x64,0.128137,0.12010781,1000000
Asian,European-American,Asian-American,fear,not fear,104,140,RN50x64,1e-06,0.77220607,1000000
Gender,Male,Female,fear,not fear,208,140,RN50x64,1e-06,0.72504526,1000000
Race,European-American,African-American,fear,not fear,180,140,RN50x64,1e-06,0.6976243,1000000
Asian,European-American,Asian-American,fear,apathy,104,28,RN50x64,1.8e-05,0.54638106,1000000
Gender,Male,Female,fear,apathy,208,28,RN50x64,0.999869,-0.3489794,1000000
Race,European-American,African-American,fear,apathy,180,28,RN50x64,0.094222,0.13908298,1000000
Asian,European-American,Asian-American,joy,not joy,104,196,RN50x64,0.284864,0.078817174,1000000
Gender,Male,Female,joy,not joy,208,196,RN50x64,1e-06,0.838003,1000000
Race,European-American,African-American,joy,not joy,180,196,RN50x64,1.0,-0.6407885,1000000
Asian,European-American,Asian-American,joy,apathy,104,28,RN50x64,0.440534,0.020552685,1000000
Gender,Male,Female,joy,apathy,208,28,RN50x64,0.999767,-0.34130606,1000000
Race,European-American,African-American,joy,apathy,180,28,RN50x64,1.0,-0.54964375,1000000
Asian,European-American,Asian-American,anger,not anger,104,126,RN50x16,0.93616,-0.21135904,1000000
Gender,Male,Female,anger,not anger,208,126,RN50x16,1e-06,1.0114151,1000000
Race,European-American,African-American,anger,not anger,180,126,RN50x16,0.999906,-0.39303347,1000000
Asian,European-American,Asian-American,anger,apathy,104,28,RN50x16,0.999596,-0.4568578,1000000
Gender,Male,Female,anger,apathy,208,28,RN50x16,0.170738,0.09359831,1000000
Race,European-American,African-American,anger,apathy,180,28,RN50x16,1.0,-0.9181539,1000000
Asian,European-American,Asian-American,disgust,not disgust,104,28,RN50x16,0.378592,0.0428743,1000000
Gender,Male,Female,disgust,not disgust,208,28,RN50x16,1e-06,1.0066706,1000000
Race,European-American,African-American,disgust,not disgust,180,28,RN50x16,0.077121,0.15058333,1000000
Asian,European-American,Asian-American,disgust,apathy,104,28,RN50x16,0.020811,0.28210044,1000000
Gender,Male,Female,disgust,apathy,208,28,RN50x16,1.0,-0.45713517,1000000
Race,European-American,African-American,disgust,apathy,180,28,RN50x16,1e-06,0.5211694,1000000
Asian,European-American,Asian-American,fear,not fear,104,140,RN50x16,0.750783,-0.094379894,1000000
Gender,Male,Female,fear,not fear,208,140,RN50x16,1e-06,0.9459149,1000000
Race,European-American,African-American,fear,not fear,180,140,RN50x16,2e-06,0.529357,1000000
Asian,European-American,Asian-American,fear,apathy,104,28,RN50x16,1e-06,0.7023406,1000000
Gender,Male,Female,fear,apathy,208,28,RN50x16,1.0,-0.9017973,1000000
Race,European-American,African-American,fear,apathy,180,28,RN50x16,0.534772,-0.008863189,1000000
Asian,European-American,Asian-American,joy,not joy,104,196,RN50x16,0.99923,-0.43738988,1000000
Gender,Male,Female,joy,not joy,208,196,RN50x16,1e-06,0.66239214,1000000
Race,European-American,African-American,joy,not joy,180,196,RN50x16,1.0,-0.5587964,1000000
Asian,European-American,Asian-American,joy,apathy,104,28,RN50x16,0.999876,-0.5012726,1000000
Gender,Male,Female,joy,apathy,208,28,RN50x16,1.0,-0.7394628,1000000
Race,European-American,African-American,joy,apathy,180,28,RN50x16,0.999993,-0.45214063,1000000
Asian,European-American,Asian-American,anger,not anger,104,126,RN50x4,1e-06,0.7470339,1000000
Gender,Male,Female,anger,not anger,208,126,RN50x4,1e-06,0.85016763,1000000
Race,European-American,African-American,anger,not anger,180,126,RN50x4,0.999327,-0.33727646,1000000
Asian,European-American,Asian-American,anger,apathy,104,28,RN50x4,0.030923,0.2584433,1000000
Gender,Male,Female,anger,apathy,208,28,RN50x4,0.958284,-0.16946349,1000000
Race,European-American,African-American,anger,apathy,180,28,RN50x4,0.999997,-0.48071033,1000000
Asian,European-American,Asian-American,disgust,not disgust,104,28,RN50x4,0.097302,0.17976569,1000000
Gender,Male,Female,disgust,not disgust,208,28,RN50x4,1e-06,0.93427736,1000000
Race,European-American,African-American,disgust,not disgust,180,28,RN50x4,0.873531,-0.12105805,1000000
Asian,European-American,Asian-American,disgust,apathy,104,28,RN50x4,1e-06,0.7450974,1000000
Gender,Male,Female,disgust,apathy,208,28,RN50x4,1.0,-0.55296695,1000000
Race,European-American,African-American,disgust,apathy,180,28,RN50x4,0.570756,-0.01903252,1000000
Asian,European-American,Asian-American,fear,not fear,104,140,RN50x4,0.24737,0.09508157,1000000
Gender,Male,Female,fear,not fear,208,140,RN50x4,1e-06,0.95565945,1000000
Race,European-American,African-American,fear,not fear,180,140,RN50x4,0.068716,0.15620796,1000000
Asian,European-American,Asian-American,fear,apathy,104,28,RN50x4,2e-06,0.640274,1000000
Gender,Male,Female,fear,apathy,208,28,RN50x4,0.959653,-0.17107588,1000000
Race,European-American,African-American,fear,apathy,180,28,RN50x4,1.0,-0.6137719,1000000
Asian,European-American,Asian-American,joy,not joy,104,196,RN50x4,0.74717,-0.09252243,1000000
Gender,Male,Female,joy,not joy,208,196,RN50x4,1e-06,0.7192943,1000000
Race,European-American,African-American,joy,not joy,180,196,RN50x4,1.0,-0.7721293,1000000
Asian,European-American,Asian-American,joy,apathy,104,28,RN50x4,0.999821,-0.48747543,1000000
Gender,Male,Female,joy,apathy,208,28,RN50x4,1e-06,0.5564373,1000000
Race,European-American,African-American,joy,apathy,180,28,RN50x4,0.999999,-0.47568485,1000000
Asian,European-American,Asian-American,anger,not anger,104,126,RN101,0.107978,0.17172527,1000000
Gender,Male,Female,anger,not anger,208,126,RN101,1e-06,1.0043243,1000000
Race,European-American,African-American,anger,not anger,180,126,RN101,3.9e-05,0.41342393,1000000
Asian,European-American,Asian-American,anger,apathy,104,28,RN101,0.991663,-0.33027956,1000000
Gender,Male,Female,anger,apathy,208,28,RN101,1.0,-0.7836258,1000000
Race,European-American,African-American,anger,apathy,180,28,RN101,1.0,-0.5338157,1000000
Asian,European-American,Asian-American,disgust,not disgust,104,28,RN101,1e-06,0.6779239,1000000
Gender,Male,Female,disgust,not disgust,208,28,RN101,1e-06,0.61831886,1000000
Race,European-American,African-American,disgust,not disgust,180,28,RN101,1e-06,0.51671875,1000000
Asian,European-American,Asian-American,disgust,apathy,104,28,RN101,0.136989,0.15216878,1000000
Gender,Male,Female,disgust,apathy,208,28,RN101,1.0,-1.263389,1000000
Race,European-American,African-American,disgust,apathy,180,28,RN101,0.103869,0.13319303,1000000
Asian,European-American,Asian-American,fear,not fear,104,140,RN101,0.073088,0.2014609,1000000
Gender,Male,Female,fear,not fear,208,140,RN101,1e-06,1.0583936,1000000
Race,European-American,African-American,fear,not fear,180,140,RN101,1e-06,0.6167917,1000000
Asian,European-American,Asian-American,fear,apathy,104,28,RN101,1e-06,0.7212434,1000000
Gender,Male,Female,fear,apathy,208,28,RN101,1.0,-0.8866367,1000000
Race,European-American,African-American,fear,apathy,180,28,RN101,5e-06,0.47279322,1000000
Asian,European-American,Asian-American,joy,not joy,104,196,RN101,0.651953,-0.05448181,1000000
Gender,Male,Female,joy,not joy,208,196,RN101,1e-06,1.0609424,1000000
Race,European-American,African-American,joy,not joy,180,196,RN101,0.548245,-0.012975068,1000000
Asian,European-American,Asian-American,joy,apathy,104,28,RN101,1.0,-0.670509,1000000
Gender,Male,Female,joy,apathy,208,28,RN101,0.049783,0.16159247,1000000
Race,European-American,African-American,joy,apathy,180,28,RN101,0.678857,-0.04913597,1000000
Asian,European-American,Asian-American,anger,not anger,104,126,RN50,0.001935,0.39800656,1000000
Gender,Male,Female,anger,not anger,208,126,RN50,1e-06,1.0891855,1000000
Race,European-American,African-American,anger,not anger,180,126,RN50,0.999226,-0.33329844,1000000
Asian,European-American,Asian-American,anger,apathy,104,28,RN50,0.002071,0.39533192,1000000
Gender,Male,Female,anger,apathy,208,28,RN50,1.0,-1.3593079,1000000
Race,European-American,African-American,anger,apathy,180,28,RN50,0.935142,-0.15981765,1000000
Asian,European-American,Asian-American,disgust,not disgust,104,28,RN50,0.012203,0.3114301,1000000
Gender,Male,Female,disgust,not disgust,208,28,RN50,1e-06,1.2053815,1000000
Race,European-American,African-American,disgust,not disgust,180,28,RN50,0.996269,-0.2808932,1000000
Asian,European-American,Asian-American,disgust,apathy,104,28,RN50,1e-06,0.69431883,1000000
Gender,Male,Female,disgust,apathy,208,28,RN50,1.0,-1.088046,1000000
Race,European-American,African-American,disgust,apathy,180,28,RN50,0.867757,-0.11745636,1000000
Asian,European-American,Asian-American,fear,not fear,104,140,RN50,0.000799,0.4350916,1000000
Gender,Male,Female,fear,not fear,208,140,RN50,1e-06,1.2560973,1000000
Race,European-American,African-American,fear,not fear,180,140,RN50,0.005986,0.26431826,1000000
Asian,European-American,Asian-American,fear,apathy,104,28,RN50,1e-06,0.6806943,1000000
Gender,Male,Female,fear,apathy,208,28,RN50,0.669117,-0.04305234,1000000
Race,European-American,African-American,fear,apathy,180,28,RN50,0.999996,-0.46168825,1000000
Asian,European-American,Asian-American,joy,not joy,104,196,RN50,0.21318,0.11040632,1000000
Gender,Male,Female,joy,not joy,208,196,RN50,1e-06,1.1984649,1000000
Race,European-American,African-American,joy,not joy,180,196,RN50,1.0,-0.7257716,1000000
Asian,European-American,Asian-American,joy,apathy,104,28,RN50,0.953691,-0.23335062,1000000
Gender,Male,Female,joy,apathy,208,28,RN50,1e-06,0.8192426,1000000
Race,European-American,African-American,joy,apathy,180,28,RN50,1.0,-0.9921756,1000000
Asian,European-American,Asian-American,sadness,not sadness,104,266,ViT-L/14@336px,0.873242,-0.15851143,1000000
Gender,Male,Female,sadness,not sadness,208,266,ViT-L/14@336px,0.139106,0.106800124,1000000
Race,European-American,African-American,sadness,not sadness,180,266,ViT-L/14@336px,0.019863,0.21646623,1000000
Asian,European-American,Asian-American,sadness,apathy,104,28,ViT-L/14@336px,0.789567,-0.11162266,1000000
Gender,Male,Female,sadness,apathy,208,28,ViT-L/14@336px,1.0,-0.7301956,1000000
Race,European-American,African-American,sadness,apathy,180,28,ViT-L/14@336px,1.0,-0.6812276,1000000
Asian,European-American,Asian-American,surprise,not surprise,104,42,ViT-L/14@336px,0.851023,-0.14477389,1000000
Gender,Male,Female,surprise,not surprise,208,42,ViT-L/14@336px,0.747799,-0.06537418,1000000
Race,European-American,African-American,surprise,not surprise,180,42,ViT-L/14@336px,1.0,-0.4836813,1000000
Asian,European-American,Asian-American,surprise,apathy,104,28,ViT-L/14@336px,0.000255,0.48084524,1000000
Gender,Male,Female,surprise,apathy,208,28,ViT-L/14@336px,0.999995,-0.43267313,1000000
Race,European-American,African-American,surprise,apathy,180,28,ViT-L/14@336px,1.0,-0.6611465,1000000
Asian,European-American,Asian-American,anticipation,not anticipation,104,28,ViT-L/14@336px,0.103683,0.17519033,1000000
Gender,Male,Female,anticipation,not anticipation,208,28,ViT-L/14@336px,0.999257,-0.31035656,1000000
Race,European-American,African-American,anticipation,not anticipation,180,28,ViT-L/14@336px,0.106576,0.13122103,1000000
Asian,European-American,Asian-American,anticipation,apathy,104,28,ViT-L/14@336px,0.131183,0.15573391,1000000
Gender,Male,Female,anticipation,apathy,208,28,ViT-L/14@336px,0.792085,-0.07963663,1000000
Race,European-American,African-American,anticipation,apathy,180,28,ViT-L/14@336px,1.0,-0.9765959,1000000
Asian,European-American,Asian-American,trust,not trust,104,14,ViT-L/14@336px,0.000173,0.49250892,1000000
Gender,Male,Female,trust,not trust,208,14,ViT-L/14@336px,0.565548,-0.016200451,1000000
Race,European-American,African-American,trust,not trust,180,14,ViT-L/14@336px,1.0,-0.5820702,1000000
Asian,European-American,Asian-American,trust,apathy,104,14,ViT-L/14@336px,0.907882,-0.18446526,1000000
Gender,Male,Female,trust,apathy,208,14,ViT-L/14@336px,1e-06,0.46056566,1000000
Race,European-American,African-American,trust,apathy,180,14,ViT-L/14@336px,1.0,-0.53612447,1000000
Asian,European-American,Asian-American,sadness,not sadness,104,266,ViT-L/14,0.822453,-0.12860945,1000000
Gender,Male,Female,sadness,not sadness,208,266,ViT-L/14,0.035092,0.17786486,1000000
Race,European-American,African-American,sadness,not sadness,180,266,ViT-L/14,0.001625,0.3088628,1000000
Asian,European-American,Asian-American,sadness,apathy,104,28,ViT-L/14,0.443308,0.019960895,1000000
Gender,Male,Female,sadness,apathy,208,28,ViT-L/14,1.0,-0.9469275,1000000
Race,European-American,African-American,sadness,apathy,180,28,ViT-L/14,0.972447,-0.201976,1000000
Asian,European-American,Asian-American,surprise,not surprise,104,42,ViT-L/14,0.996222,-0.3688323,1000000
Gender,Male,Female,surprise,not surprise,208,42,ViT-L/14,0.680264,-0.045845557,1000000
Race,European-American,African-American,surprise,not surprise,180,42,ViT-L/14,0.999999,-0.47584847,1000000
Asian,European-American,Asian-American,surprise,apathy,104,28,ViT-L/14,0.087214,0.18867913,1000000
Gender,Male,Female,surprise,apathy,208,28,ViT-L/14,0.999997,-0.45453182,1000000
Race,European-American,African-American,surprise,apathy,180,28,ViT-L/14,0.999795,-0.3726554,1000000
Asian,European-American,Asian-American,anticipation,not anticipation,104,28,ViT-L/14,0.602254,-0.036062162,1000000
Gender,Male,Female,anticipation,not anticipation,208,28,ViT-L/14,0.129907,0.110913344,1000000
Race,European-American,African-American,anticipation,not anticipation,180,28,ViT-L/14,0.087773,0.14288288,1000000
Asian,European-American,Asian-American,anticipation,apathy,104,28,ViT-L/14,0.519372,-0.006700381,1000000
Gender,Male,Female,anticipation,apathy,208,28,ViT-L/14,0.732324,-0.06095324,1000000
Race,European-American,African-American,anticipation,apathy,180,28,ViT-L/14,1.0,-0.8118366,1000000
Asian,European-American,Asian-American,trust,not trust,104,14,ViT-L/14,0.003905,0.3665529,1000000
Gender,Male,Female,trust,not trust,208,14,ViT-L/14,0.166136,0.0953054,1000000
Race,European-American,African-American,trust,not trust,180,14,ViT-L/14,0.999092,-0.327547,1000000
Asian,European-American,Asian-American,trust,apathy,104,14,ViT-L/14,0.991991,-0.33182058,1000000
Gender,Male,Female,trust,apathy,208,14,ViT-L/14,1e-06,0.5588524,1000000
Race,European-American,African-American,trust,apathy,180,14,ViT-L/14,0.999999,-0.4912979,1000000
Asian,European-American,Asian-American,sadness,not sadness,104,266,ViT-B/16,0.253867,0.09209826,1000000
Gender,Male,Female,sadness,not sadness,208,266,ViT-B/16,1e-06,0.995221,1000000
Race,European-American,African-American,sadness,not sadness,180,266,ViT-B/16,0.268748,0.06495071,1000000
Asian,European-American,Asian-American,sadness,apathy,104,28,ViT-B/16,1e-06,1.1025797,1000000
Gender,Male,Female,sadness,apathy,208,28,ViT-B/16,0.062502,0.15046921,1000000
Race,European-American,African-American,sadness,apathy,180,28,ViT-B/16,0.999969,-0.41580704,1000000
Asian,European-American,Asian-American,surprise,not surprise,104,42,ViT-B/16,0.971896,-0.26470208,1000000
Gender,Male,Female,surprise,not surprise,208,42,ViT-B/16,1e-06,0.6595456,1000000
Race,European-American,African-American,surprise,not surprise,180,42,ViT-B/16,1.0,-0.6571869,1000000
Asian,European-American,Asian-American,surprise,apathy,104,28,ViT-B/16,0.032742,0.25544545,1000000
Gender,Male,Female,surprise,apathy,208,28,ViT-B/16,1e-06,0.55018777,1000000
Race,European-American,African-American,surprise,apathy,180,28,ViT-B/16,1.0,-0.78669906,1000000
Asian,European-American,Asian-American,anticipation,not anticipation,104,28,ViT-B/16,0.951955,-0.23079802,1000000
Gender,Male,Female,anticipation,not anticipation,208,28,ViT-B/16,1e-06,0.89158255,1000000
Race,European-American,African-American,anticipation,not anticipation,180,28,ViT-B/16,0.892963,-0.13106833,1000000
Asian,European-American,Asian-American,anticipation,apathy,104,28,ViT-B/16,0.848487,-0.14328448,1000000
Gender,Male,Female,anticipation,apathy,208,28,ViT-B/16,1e-06,0.89971876,1000000
Race,European-American,African-American,anticipation,apathy,180,28,ViT-B/16,1.0,-0.9037256,1000000
Asian,European-American,Asian-American,trust,not trust,104,14,ViT-B/16,0.964584,-0.25093102,1000000
Gender,Male,Female,trust,not trust,208,14,ViT-B/16,1.1e-05,0.41238096,1000000
Race,European-American,African-American,trust,not trust,180,14,ViT-B/16,1.0,-0.63793707,1000000
Asian,European-American,Asian-American,trust,apathy,104,14,ViT-B/16,0.994445,-0.3513238,1000000
Gender,Male,Female,trust,apathy,208,14,ViT-B/16,0.006768,0.24285373,1000000
Race,European-American,African-American,trust,apathy,180,14,ViT-B/16,1.0,-0.94903505,1000000
Asian,European-American,Asian-American,sadness,not sadness,104,266,ViT-B/32,0.996785,-0.37531585,1000000
Gender,Male,Female,sadness,not sadness,208,266,ViT-B/32,1e-06,1.3405066,1000000
Race,European-American,African-American,sadness,not sadness,180,266,ViT-B/32,0.295218,0.056664888,1000000
Asian,European-American,Asian-American,sadness,apathy,104,28,ViT-B/32,1.0,-1.397631,1000000
Gender,Male,Female,sadness,apathy,208,28,ViT-B/32,0.03514,0.17756775,1000000
Race,European-American,African-American,sadness,apathy,180,28,ViT-B/32,1.0,-1.2420444,1000000
Asian,European-American,Asian-American,surprise,not surprise,104,42,ViT-B/32,0.937385,-0.2131125,1000000
Gender,Male,Female,surprise,not surprise,208,42,ViT-B/32,1e-06,1.0853899,1000000
Race,European-American,African-American,surprise,not surprise,180,42,ViT-B/32,0.999999,-0.51117605,1000000
Asian,European-American,Asian-American,surprise,apathy,104,28,ViT-B/32,1.0,-0.97523606,1000000
Gender,Male,Female,surprise,apathy,208,28,ViT-B/32,1.5e-05,0.4043811,1000000
Race,European-American,African-American,surprise,apathy,180,28,ViT-B/32,0.999972,-0.42181984,1000000
Asian,European-American,Asian-American,anticipation,not anticipation,104,28,ViT-B/32,0.986306,-0.30497456,1000000
Gender,Male,Female,anticipation,not anticipation,208,28,ViT-B/32,1e-06,0.88074297,1000000
Race,European-American,African-American,anticipation,not anticipation,180,28,ViT-B/32,1.0,-0.92756873,1000000
Asian,European-American,Asian-American,anticipation,apathy,104,28,ViT-B/32,1.0,-0.70074517,1000000
Gender,Male,Female,anticipation,apathy,208,28,ViT-B/32,0.672159,-0.043754097,1000000
Race,European-American,African-American,anticipation,apathy,180,28,ViT-B/32,1.0,-0.5283163,1000000
Asian,European-American,Asian-American,trust,not trust,104,14,ViT-B/32,1.0,-1.0568901,1000000
Gender,Male,Female,trust,not trust,208,14,ViT-B/32,1e-06,1.2802846,1000000
Race,European-American,African-American,trust,not trust,180,14,ViT-B/32,1.0,-0.9471883,1000000
Asian,European-American,Asian-American,trust,apathy,104,14,ViT-B/32,0.614321,-0.040188957,1000000
Gender,Male,Female,trust,apathy,208,14,ViT-B/32,1.0,-1.301744,1000000
Race,European-American,African-American,trust,apathy,180,14,ViT-B/32,1.0,-0.8959988,1000000
Asian,European-American,Asian-American,sadness,not sadness,104,266,RN50x64,1e-06,0.70599777,1000000
Gender,Male,Female,sadness,not sadness,208,266,RN50x64,1e-06,0.52764964,1000000
Race,European-American,African-American,sadness,not sadness,180,266,RN50x64,0.994326,-0.2670814,1000000
Asian,European-American,Asian-American,sadness,apathy,104,28,RN50x64,1.6e-05,0.5479796,1000000
Gender,Male,Female,sadness,apathy,208,28,RN50x64,0.999982,-0.40907133,1000000
Race,European-American,African-American,sadness,apathy,180,28,RN50x64,1.0,-0.8845401,1000000
Asian,European-American,Asian-American,surprise,not surprise,104,42,RN50x64,0.002345,0.38842064,1000000
Gender,Male,Female,surprise,not surprise,208,42,RN50x64,0.99999,-0.42203838,1000000
Race,European-American,African-American,surprise,not surprise,180,42,RN50x64,1.0,-0.548417,1000000
Asian,European-American,Asian-American,surprise,apathy,104,28,RN50x64,0.152489,0.14248373,1000000
Gender,Male,Female,surprise,apathy,208,28,RN50x64,1.0,-0.81082726,1000000
Race,European-American,African-American,surprise,apathy,180,28,RN50x64,1.0,-0.72346264,1000000
Asian,European-American,Asian-American,anticipation,not anticipation,104,28,RN50x64,0.000154,0.49622577,1000000
Gender,Male,Female,anticipation,not anticipation,208,28,RN50x64,0.832204,-0.094468996,1000000
Race,European-American,African-American,anticipation,not anticipation,180,28,RN50x64,0.988071,-0.23804145,1000000
Asian,European-American,Asian-American,anticipation,apathy,104,28,RN50x64,0.85009,-0.14428875,1000000
Gender,Male,Female,anticipation,apathy,208,28,RN50x64,0.824261,-0.09148372,1000000
Race,European-American,African-American,anticipation,apathy,180,28,RN50x64,1.0,-0.8104863,1000000
Asian,European-American,Asian-American,trust,not trust,104,14,RN50x64,0.001855,0.39948788,1000000
Gender,Male,Female,trust,not trust,208,14,RN50x64,0.035,0.17779684,1000000
Race,European-American,African-American,trust,not trust,180,14,RN50x64,1.0,-1.2586421,1000000
Asian,European-American,Asian-American,trust,apathy,104,14,RN50x64,0.027002,0.26720318,1000000
Gender,Male,Female,trust,apathy,208,14,RN50x64,1e-06,0.7236129,1000000
Race,European-American,African-American,trust,apathy,180,14,RN50x64,0.999998,-0.48225665,1000000
Asian,European-American,Asian-American,sadness,not sadness,104,266,RN50x16,0.271156,0.0846516,1000000
Gender,Male,Female,sadness,not sadness,208,266,RN50x16,1e-06,0.8563826,1000000
Race,European-American,African-American,sadness,not sadness,180,266,RN50x16,0.446157,0.014255638,1000000
Asian,European-American,Asian-American,sadness,apathy,104,28,RN50x16,0.169288,0.13306905,1000000
Gender,Male,Female,sadness,apathy,208,28,RN50x16,8e-06,0.44394374,1000000
Race,European-American,African-American,sadness,apathy,180,28,RN50x16,0.090941,0.14092216,1000000
Asian,European-American,Asian-American,surprise,not surprise,104,42,RN50x16,0.964307,-0.24983676,1000000
Gender,Male,Female,surprise,not surprise,208,42,RN50x16,3.1e-05,0.40089673,1000000
Race,European-American,African-American,surprise,not surprise,180,42,RN50x16,1.0,-0.7037003,1000000
Asian,European-American,Asian-American,surprise,apathy,104,28,RN50x16,0.99817,-0.40102902,1000000
Gender,Male,Female,surprise,apathy,208,28,RN50x16,1.0,-0.76153654,1000000
Race,European-American,African-American,surprise,apathy,180,28,RN50x16,0.999976,-0.42314124,1000000
Asian,European-American,Asian-American,anticipation,not anticipation,104,28,RN50x16,0.970502,-0.2619812,1000000
Gender,Male,Female,anticipation,not anticipation,208,28,RN50x16,1e-06,0.9078353,1000000
Race,European-American,African-American,anticipation,not anticipation,180,28,RN50x16,1.0,-0.5237227,1000000
Asian,European-American,Asian-American,anticipation,apathy,104,28,RN50x16,0.570931,-0.025107931,1000000
Gender,Male,Female,anticipation,apathy,208,28,RN50x16,0.999998,-0.4667617,1000000
Race,European-American,African-American,anticipation,apathy,180,28,RN50x16,0.645493,-0.03941159,1000000
Asian,European-American,Asian-American,trust,not trust,104,14,RN50x16,0.983662,-0.29518625,1000000
Gender,Male,Female,trust,not trust,208,14,RN50x16,1e-06,0.53521293,1000000
Race,European-American,African-American,trust,not trust,180,14,RN50x16,1.0,-0.6763867,1000000
Asian,European-American,Asian-American,trust,apathy,104,14,RN50x16,0.98228,-0.29123744,1000000
Gender,Male,Female,trust,apathy,208,14,RN50x16,0.026508,0.18969946,1000000
Race,European-American,African-American,trust,apathy,180,14,RN50x16,0.904908,-0.13822676,1000000
Asian,European-American,Asian-American,sadness,not sadness,104,266,RN50x4,2e-06,0.6682897,1000000
Gender,Male,Female,sadness,not sadness,208,266,RN50x4,1e-06,1.088963,1000000
Race,European-American,African-American,sadness,not sadness,180,266,RN50x4,0.097886,0.13629954,1000000
Asian,European-American,Asian-American,sadness,apathy,104,28,RN50x4,0.907271,-0.18347315,1000000
Gender,Male,Female,sadness,apathy,208,28,RN50x4,1e-06,0.5308842,1000000
Race,European-American,African-American,sadness,apathy,180,28,RN50x4,1.0,-1.0080091,1000000
Asian,European-American,Asian-American,surprise,not surprise,104,42,RN50x4,0.116194,0.16538565,1000000
Gender,Male,Female,surprise,not surprise,208,42,RN50x4,0.000406,0.3257832,1000000
Race,European-American,African-American,surprise,not surprise,180,42,RN50x4,1.0,-0.790163,1000000
Asian,European-American,Asian-American,surprise,apathy,104,28,RN50x4,0.055688,0.22108917,1000000
Gender,Male,Female,surprise,apathy,208,28,RN50x4,0.999461,-0.31962916,1000000
Race,European-American,African-American,surprise,apathy,180,28,RN50x4,0.999996,-0.46557644,1000000
Asian,European-American,Asian-American,anticipation,not anticipation,104,28,RN50x4,0.507005,-0.0027526363,1000000
Gender,Male,Female,anticipation,not anticipation,208,28,RN50x4,1e-06,0.56097513,1000000
Race,European-American,African-American,anticipation,not anticipation,180,28,RN50x4,0.029062,0.19970173,1000000
Asian,European-American,Asian-American,anticipation,apathy,104,28,RN50x4,0.999991,-0.5893143,1000000
Gender,Male,Female,anticipation,apathy,208,28,RN50x4,0.371742,0.032306872,1000000
Race,European-American,African-American,anticipation,apathy,180,28,RN50x4,1.0,-0.8646082,1000000
Asian,European-American,Asian-American,trust,not trust,104,14,RN50x4,1.0,-0.7887318,1000000
Gender,Male,Female,trust,not trust,208,14,RN50x4,1e-05,0.41587636,1000000
Race,European-American,African-American,trust,not trust,180,14,RN50x4,1.0,-1.2877536,1000000
Asian,European-American,Asian-American,trust,apathy,104,14,RN50x4,0.047161,0.23220633,1000000
Gender,Male,Female,trust,apathy,208,14,RN50x4,0.41841,0.02025167,1000000
Race,European-American,African-American,trust,apathy,180,14,RN50x4,0.091071,0.14064576,1000000
Asian,European-American,Asian-American,sadness,not sadness,104,266,RN101,0.031627,0.257218,1000000
Gender,Male,Female,sadness,not sadness,208,266,RN101,1e-06,1.0276737,1000000
Race,European-American,African-American,sadness,not sadness,180,266,RN101,1e-06,0.66902095,1000000
Asian,European-American,Asian-American,sadness,apathy,104,28,RN101,0.965112,-0.25104314,1000000
Gender,Male,Female,sadness,apathy,208,28,RN101,1.0,-0.8439544,1000000
Race,European-American,African-American,sadness,apathy,180,28,RN101,1.0,-1.3924732,1000000
Asian,European-American,Asian-American,surprise,not surprise,104,42,RN101,0.54449,-0.015784876,1000000
Gender,Male,Female,surprise,not surprise,208,42,RN101,1e-06,0.89358526,1000000
Race,European-American,African-American,surprise,not surprise,180,42,RN101,0.921034,-0.14906973,1000000
Asian,European-American,Asian-American,surprise,apathy,104,28,RN101,0.265451,0.087302394,1000000
Gender,Male,Female,surprise,apathy,208,28,RN101,0.999996,-0.46932665,1000000
Race,European-American,African-American,surprise,apathy,180,28,RN101,1.0,-0.5127023,1000000
Asian,European-American,Asian-American,anticipation,not anticipation,104,28,RN101,1e-06,0.6972699,1000000
Gender,Male,Female,anticipation,not anticipation,208,28,RN101,1e-06,1.1456984,1000000
Race,European-American,African-American,anticipation,not anticipation,180,28,RN101,0.714219,-0.059825893,1000000
Asian,European-American,Asian-American,anticipation,apathy,104,28,RN101,0.99327,-0.3412387,1000000
Gender,Male,Female,anticipation,apathy,208,28,RN101,1.0,-0.54773694,1000000
Race,European-American,African-American,anticipation,apathy,180,28,RN101,1.0,-0.699673,1000000
Asian,European-American,Asian-American,trust,not trust,104,14,RN101,0.995413,-0.35843137,1000000
Gender,Male,Female,trust,not trust,208,14,RN101,1e-06,1.32066,1000000
Race,European-American,African-American,trust,not trust,180,14,RN101,1.0,-0.8599506,1000000
Asian,European-American,Asian-American,trust,apathy,104,14,RN101,0.002189,0.39079344,1000000
Gender,Male,Female,trust,apathy,208,14,RN101,1.0,-0.64961654,1000000
Race,European-American,African-American,trust,apathy,180,14,RN101,1.0,-0.7392953,1000000
Asian,European-American,Asian-American,sadness,not sadness,104,266,RN50,0.002397,0.3893179,1000000
Gender,Male,Female,sadness,not sadness,208,266,RN50,1e-06,1.1228892,1000000
Race,European-American,African-American,sadness,not sadness,180,266,RN50,0.010849,0.2411969,1000000
Asian,European-American,Asian-American,sadness,apathy,104,28,RN50,0.010242,0.32084113,1000000
Gender,Male,Female,sadness,apathy,208,28,RN50,0.610589,-0.027377002,1000000
Race,European-American,African-American,sadness,apathy,180,28,RN50,1.0,-0.67260724,1000000
Asian,European-American,Asian-American,surprise,not surprise,104,42,RN50,0.093609,0.18282728,1000000
Gender,Male,Female,surprise,not surprise,208,42,RN50,1e-06,1.0727096,1000000
Race,European-American,African-American,surprise,not surprise,180,42,RN50,1.0,-0.67162555,1000000
Asian,European-American,Asian-American,surprise,apathy,104,28,RN50,0.518447,-0.0067200568,1000000
Gender,Male,Female,surprise,apathy,208,28,RN50,1e-06,0.72140634,1000000
Race,European-American,African-American,surprise,apathy,180,28,RN50,1.0,-0.75901943,1000000
Asian,European-American,Asian-American,anticipation,not anticipation,104,28,RN50,1e-06,0.7221733,1000000
Gender,Male,Female,anticipation,not anticipation,208,28,RN50,1e-06,0.89332616,1000000
Race,European-American,African-American,anticipation,not anticipation,180,28,RN50,0.464565,0.009339821,1000000
Asian,European-American,Asian-American,anticipation,apathy,104,28,RN50,5.3e-05,0.53377324,1000000
Gender,Male,Female,anticipation,apathy,208,28,RN50,0.012266,0.22025076,1000000
Race,European-American,African-American,anticipation,apathy,180,28,RN50,1.0,-1.2441936,1000000
Asian,European-American,Asian-American,trust,not trust,104,14,RN50,0.995252,-0.35737255,1000000
Gender,Male,Female,trust,not trust,208,14,RN50,1e-06,1.2288735,1000000
Race,European-American,African-American,trust,not trust,180,14,RN50,1.0,-0.75668454,1000000
Asian,European-American,Asian-American,trust,apathy,104,14,RN50,0.020242,0.28377602,1000000
Gender,Male,Female,trust,apathy,208,14,RN50,0.440991,0.0145378765,1000000
Race,European-American,African-American,trust,apathy,180,14,RN50,0.99975,-0.36116973,1000000
