Title,X,Y,A,B,nt,na,model,pvalue,effect_size,npermutations,positive_negative_excluded
Native,Euro,Native,joy,no_emotion,8,3,RN50,0.855167055,-0.5409226,12870,False
Gender,Male,Female,joy,no_emotion,40,3,RN50,1.0,-1.1948817,1000000,False
Weapon,White,Black,joy,no_emotion,6,3,RN50,0.261904762,0.4202706,924,False
Religion,Christianity,Judaism,negative,no_emotion,7,954,RN50,0.550990676,-0.06681112,3432,False
Disabled,Disabled,Abled,negative,no_emotion,4,954,RN50,0.9,-0.9381945,70,False
Asian,European-American,Asian-American,negative,no_emotion,6,954,RN50,0.428571429,0.122707605,924,False
Native,Euro,Native,negative,no_emotion,8,954,RN50,0.073892774,0.7313955,12870,False
Race,European-American,African-American,negative,no_emotion,6,954,RN50,0.028138528,1.127155,924,False
Insect-Flower,Flower,Insect,negative,no_emotion,35,954,RN50,0.996885,-0.6376777,1000000,False
Sexuality,Gay,Straight,negative,no_emotion,9,954,RN50,0.063471822,0.7236143,48620,False
Gender,Male,Female,negative,no_emotion,40,954,RN50,0.794402,-0.18743327,1000000,False
Arab-Muslim,Other-People,Arab-Muslim,negative,no_emotion,10,954,RN50,0.55557059,-0.064873904,184756,False
Age,Young,Old,negative,no_emotion,6,954,RN50,0.001082251,1.5164413,924,False
Religion,Christianity,Judaism,anger,no_emotion,7,239,RN101,0.659090909,-0.22670914,3432,True
Religion,Christianity,Judaism,anger,no_emotion,7,239,RN50,0.891025641,-0.67551315,3432,True
Religion,Christianity,Judaism,anger,no_emotion,7,239,RN50x16,0.712703963,-0.30739045,3432,True
Religion,Christianity,Judaism,anger,no_emotion,7,239,RN50x4,0.611013986,-0.15366629,3432,True
Religion,Christianity,Judaism,anger,no_emotion,7,239,RN50x64,0.41462704,0.120373785,3432,True
Religion,Christianity,Judaism,anger,no_emotion,7,239,ViT-B/16,0.628787879,-0.17995626,3432,True
Religion,Christianity,Judaism,anger,no_emotion,7,239,ViT-B/32,0.753496503,-0.36938533,3432,True
Religion,Christianity,Judaism,anger,no_emotion,7,239,ViT-L/14,0.421911422,0.10756519,3432,True
Religion,Christianity,Judaism,anger,no_emotion,7,239,ViT-L/14@336px,0.358682984,0.19407332,3432,True
Disabled,Disabled,Abled,anger,no_emotion,4,239,RN101,0.957142857,-1.2203065,70,True
Disabled,Disabled,Abled,anger,no_emotion,4,239,RN50,0.985714286,-1.2249892,70,True
Disabled,Disabled,Abled,anger,no_emotion,4,239,RN50x16,0.842857143,-0.6807661,70,True
Disabled,Disabled,Abled,anger,no_emotion,4,239,RN50x4,0.914285714,-0.73955005,70,True
Disabled,Disabled,Abled,anger,no_emotion,4,239,RN50x64,0.685714286,-0.4092078,70,True
Disabled,Disabled,Abled,anger,no_emotion,4,239,ViT-B/16,0.585714286,-0.15410003,70,True
Disabled,Disabled,Abled,anger,no_emotion,4,239,ViT-B/32,0.885714286,-0.8032967,70,True
Disabled,Disabled,Abled,anger,no_emotion,4,239,ViT-L/14,0.385714286,0.23913603,70,True
Disabled,Disabled,Abled,anger,no_emotion,4,239,ViT-L/14@336px,0.614285714,-0.1942439,70,True
Race,European-American,African-American,anger,no_emotion,6,239,RN101,0.001082251,1.7273604,924,True
Race,European-American,African-American,anger,no_emotion,6,239,RN50,0.08008658,0.81888753,924,True
Asian,European-American,Asian-American,anger,no_emotion,6,239,RN50,0.662337662,-0.28009614,924,True
Native,Euro,Native,anger,no_emotion,8,239,RN50,0.042501943,0.8622366,12870,True
Race,European-American,African-American,anger,no_emotion,6,239,RN50x16,0.721861472,-0.35195303,924,True
Race,European-American,African-American,anger,no_emotion,6,239,RN50x4,0.909090909,-0.7831934,924,True
Race,European-American,African-American,anger,no_emotion,6,239,RN50x64,0.977272727,-1.1110506,924,True
Race,European-American,African-American,anger,no_emotion,6,239,ViT-B/16,0.968614719,-1.0526459,924,True
Race,European-American,African-American,anger,no_emotion,6,239,ViT-B/32,0.057359307,0.9240659,924,True
Race,European-American,African-American,anger,no_emotion,6,239,ViT-L/14,0.958874459,-1.0056238,924,True
Race,European-American,African-American,anger,no_emotion,6,239,ViT-L/14@336px,1.0,-1.6494858,924,True
Insect-Flower,Flower,Insect,anger,no_emotion,35,239,RN101,1.0,-1.6118246,1000000,True
Insect-Flower,Flower,Insect,anger,no_emotion,35,239,RN50,1.0,-1.4024694,1000000,True
Insect-Flower,Flower,Insect,anger,no_emotion,35,239,RN50x16,1.0,-1.6145242,1000000,True
Insect-Flower,Flower,Insect,anger,no_emotion,35,239,RN50x4,1.0,-1.7027986,1000000,True
Insect-Flower,Flower,Insect,anger,no_emotion,35,239,RN50x64,1.0,-1.3811498,1000000,True
Insect-Flower,Flower,Insect,anger,no_emotion,35,239,ViT-B/16,1.0,-1.582364,1000000,True
Insect-Flower,Flower,Insect,anger,no_emotion,35,239,ViT-B/32,1.0,-1.403615,1000000,True
Insect-Flower,Flower,Insect,anger,no_emotion,35,239,ViT-L/14,1.0,-1.591782,1000000,True
Insect-Flower,Flower,Insect,anger,no_emotion,35,239,ViT-L/14@336px,1.0,-1.5512561,1000000,True
Sexuality,Gay,Straight,anger,no_emotion,9,239,RN101,0.038502674,0.82636654,48620,True
Sexuality,Gay,Straight,anger,no_emotion,9,239,RN50,0.009419992,1.0807451,48620,True
Sexuality,Gay,Straight,anger,no_emotion,9,239,RN50x16,0.032106129,0.8441333,48620,True
Sexuality,Gay,Straight,anger,no_emotion,9,239,RN50x4,0.033052242,0.85283273,48620,True
Sexuality,Gay,Straight,anger,no_emotion,9,239,RN50x64,0.116556972,0.590471,48620,True
Sexuality,Gay,Straight,anger,no_emotion,9,239,ViT-B/16,0.038523241,0.8329588,48620,True
Sexuality,Gay,Straight,anger,no_emotion,9,239,ViT-B/32,0.034224599,0.8556324,48620,True
Sexuality,Gay,Straight,anger,no_emotion,9,239,ViT-L/14,0.012196627,1.0298045,48620,True
Sexuality,Gay,Straight,anger,no_emotion,9,239,ViT-L/14@336px,0.06410942,0.7267979,48620,True
Skin-Tone,Light,Dark,anger,no_emotion,7,239,RN101,0.726689977,-0.35050464,3432,True
Skin-Tone,Light,Dark,anger,no_emotion,7,239,RN50,0.210664336,0.4553952,3432,True
Skin-Tone,Light,Dark,anger,no_emotion,7,239,RN50x16,0.230477855,0.39264056,3432,True
Skin-Tone,Light,Dark,anger,no_emotion,7,239,RN50x4,0.004370629,1.1294646,3432,True
Skin-Tone,Light,Dark,anger,no_emotion,7,239,RN50x64,0.153263403,0.5558135,3432,True
Skin-Tone,Light,Dark,anger,no_emotion,7,239,ViT-B/16,0.89044289,-0.66912216,3432,True
Skin-Tone,Light,Dark,anger,no_emotion,7,239,ViT-B/32,0.412587413,0.12137719,3432,True
Skin-Tone,Light,Dark,anger,no_emotion,7,239,ViT-L/14,0.11509324,0.6611783,3432,True
Skin-Tone,Light,Dark,anger,no_emotion,7,239,ViT-L/14@336px,0.233682984,0.40772,3432,True
Gender,Male,Female,anger,no_emotion,40,239,RN50,0.390754,0.062632255,1000000,True
Arab-Muslim,Other-People,Arab-Muslim,anger,no_emotion,10,239,RN101,0.191214358,0.40332898,184756,True
Arab-Muslim,Other-People,Arab-Muslim,anger,no_emotion,10,239,RN50,0.137695122,0.49882576,184756,True
Arab-Muslim,Other-People,Arab-Muslim,anger,no_emotion,10,239,RN50x16,0.391077962,0.1302932,184756,True
Arab-Muslim,Other-People,Arab-Muslim,anger,no_emotion,10,239,RN50x4,0.396089978,0.12553263,184756,True
Arab-Muslim,Other-People,Arab-Muslim,anger,no_emotion,10,239,RN50x64,0.439606833,0.08045886,184756,True
Arab-Muslim,Other-People,Arab-Muslim,anger,no_emotion,10,239,ViT-B/16,0.497504817,0.002949499,184756,True
Arab-Muslim,Other-People,Arab-Muslim,anger,no_emotion,10,239,ViT-B/32,0.569534954,-0.08492117,184756,True
Arab-Muslim,Other-People,Arab-Muslim,anger,no_emotion,10,239,ViT-L/14,0.373097491,0.15084809,184756,True
Arab-Muslim,Other-People,Arab-Muslim,anger,no_emotion,10,239,ViT-L/14@336px,0.645218559,-0.17361459,184756,True
Weight,Thin,Fat,anger,no_emotion,10,239,RN101,0.999897162,-1.3911419,184756,True
Weight,Thin,Fat,anger,no_emotion,10,239,RN50,0.998544026,-1.1684729,184756,True
Weight,Thin,Fat,anger,no_emotion,10,239,RN50x16,0.993640261,-1.0765266,184756,True
Weight,Thin,Fat,anger,no_emotion,10,239,RN50x4,0.999420858,-1.3369024,184756,True
Weight,Thin,Fat,anger,no_emotion,10,239,RN50x64,0.955498062,-0.7605389,184756,True
Weight,Thin,Fat,anger,no_emotion,10,239,ViT-B/16,0.999783498,-1.4076276,184756,True
Weight,Thin,Fat,anger,no_emotion,10,239,ViT-B/32,0.997337028,-1.155007,184756,True
Weight,Thin,Fat,anger,no_emotion,10,239,ViT-L/14,0.998484488,-1.2367394,184756,True
Weight,Thin,Fat,anger,no_emotion,10,239,ViT-L/14@336px,0.999778086,-1.3920395,184756,True
Weapon,White,Black,anger,no_emotion,6,239,RN50,0.154761905,0.6094192,924,True
Age,Young,Old,anger,no_emotion,6,239,RN101,0.158008658,0.61032957,924,True
Age,Young,Old,anger,no_emotion,6,239,RN50,0.003246753,1.5205239,924,True
Age,Young,Old,anger,no_emotion,6,239,RN50x16,0.374458874,0.20208687,924,True
Age,Young,Old,anger,no_emotion,6,239,RN50x4,0.227272727,0.4546931,924,True
Age,Young,Old,anger,no_emotion,6,239,RN50x64,0.810606061,-0.51979756,924,True
Age,Young,Old,anger,no_emotion,6,239,ViT-B/16,0.00974026,1.3000797,924,True
Age,Young,Old,anger,no_emotion,6,239,ViT-B/32,0.88961039,-0.7404003,924,True
Age,Young,Old,anger,no_emotion,6,239,ViT-L/14,0.845238095,-0.6099122,924,True
Age,Young,Old,anger,no_emotion,6,239,ViT-L/14@336px,0.326839827,0.26861382,924,True
Religion,Christianity,Judaism,anticipation,no_emotion,7,243,RN101,0.589452214,-0.13268481,3432,True
Religion,Christianity,Judaism,anticipation,no_emotion,7,243,RN50,0.935314685,-0.8188212,3432,True
Religion,Christianity,Judaism,anticipation,no_emotion,7,243,RN50x16,0.030011655,0.9979,3432,True
Religion,Christianity,Judaism,anticipation,no_emotion,7,243,RN50x4,0.35460373,0.2093326,3432,True
Religion,Christianity,Judaism,anticipation,no_emotion,7,243,RN50x64,0.291083916,0.30951333,3432,True
Religion,Christianity,Judaism,anticipation,no_emotion,7,243,ViT-B/16,0.932400932,-0.8091258,3432,True
Religion,Christianity,Judaism,anticipation,no_emotion,7,243,ViT-B/32,0.864801865,-0.6083238,3432,True
Religion,Christianity,Judaism,anticipation,no_emotion,7,243,ViT-L/14,0.430944056,0.108855054,3432,True
Religion,Christianity,Judaism,anticipation,no_emotion,7,243,ViT-L/14@336px,0.556818182,-0.08024875,3432,True
Disabled,Disabled,Abled,anticipation,no_emotion,4,243,RN101,1.0,-1.7156322,70,True
Disabled,Disabled,Abled,anticipation,no_emotion,4,243,RN50,1.0,-1.6774299,70,True
Disabled,Disabled,Abled,anticipation,no_emotion,4,243,RN50x16,0.957142857,-1.2718823,70,True
Disabled,Disabled,Abled,anticipation,no_emotion,4,243,RN50x4,1.0,-1.4338789,70,True
Disabled,Disabled,Abled,anticipation,no_emotion,4,243,RN50x64,1.0,-1.4603944,70,True
Disabled,Disabled,Abled,anticipation,no_emotion,4,243,ViT-B/16,1.0,-1.5174628,70,True
Disabled,Disabled,Abled,anticipation,no_emotion,4,243,ViT-B/32,1.0,-1.6649146,70,True
Disabled,Disabled,Abled,anticipation,no_emotion,4,243,ViT-L/14,0.914285714,-0.98216474,70,True
Disabled,Disabled,Abled,anticipation,no_emotion,4,243,ViT-L/14@336px,0.957142857,-1.2541271,70,True
Race,European-American,African-American,anticipation,no_emotion,6,243,RN101,0.833333333,-0.59890157,924,True
Race,European-American,African-American,anticipation,no_emotion,6,243,RN50,0.984848485,-1.1767946,924,True
Asian,European-American,Asian-American,anticipation,no_emotion,6,243,RN50,0.79978355,-0.4843091,924,True
Native,Euro,Native,anticipation,no_emotion,8,243,RN50,0.899145299,-0.6469553,12870,True
Race,European-American,African-American,anticipation,no_emotion,6,243,RN50x16,0.982683983,-1.1656846,924,True
Race,European-American,African-American,anticipation,no_emotion,6,243,RN50x4,0.087662338,0.766646,924,True
Race,European-American,African-American,anticipation,no_emotion,6,243,RN50x64,0.667748918,-0.26205575,924,True
Race,European-American,African-American,anticipation,no_emotion,6,243,ViT-B/16,0.034632035,1.0412902,924,True
Race,European-American,African-American,anticipation,no_emotion,6,243,ViT-B/32,0.024891775,1.135813,924,True
Race,European-American,African-American,anticipation,no_emotion,6,243,ViT-L/14,0.99025974,-1.2734402,924,True
Race,European-American,African-American,anticipation,no_emotion,6,243,ViT-L/14@336px,0.939393939,-0.93476117,924,True
Insect-Flower,Flower,Insect,anticipation,no_emotion,35,243,RN101,1e-06,1.4150968,1000000,True
Insect-Flower,Flower,Insect,anticipation,no_emotion,35,243,RN50,1e-06,1.2975748,1000000,True
Insect-Flower,Flower,Insect,anticipation,no_emotion,35,243,RN50x16,1e-06,1.5444622,1000000,True
Insect-Flower,Flower,Insect,anticipation,no_emotion,35,243,RN50x4,1e-06,1.7874966,1000000,True
Insect-Flower,Flower,Insect,anticipation,no_emotion,35,243,RN50x64,1e-06,1.6227474,1000000,True
Insect-Flower,Flower,Insect,anticipation,no_emotion,35,243,ViT-B/16,1e-06,1.4196703,1000000,True
Insect-Flower,Flower,Insect,anticipation,no_emotion,35,243,ViT-B/32,1e-06,1.7435087,1000000,True
Insect-Flower,Flower,Insect,anticipation,no_emotion,35,243,ViT-L/14,1e-06,1.2867018,1000000,True
Insect-Flower,Flower,Insect,anticipation,no_emotion,35,243,ViT-L/14@336px,1e-06,1.2537395,1000000,True
Sexuality,Gay,Straight,anticipation,no_emotion,9,243,RN101,0.157754011,0.4846641,48620,True
Sexuality,Gay,Straight,anticipation,no_emotion,9,243,RN50,0.034841629,0.847094,48620,True
Sexuality,Gay,Straight,anticipation,no_emotion,9,243,RN50x16,0.264273961,0.30511144,48620,True
Sexuality,Gay,Straight,anticipation,no_emotion,9,243,RN50x4,0.191073632,0.42003003,48620,True
Sexuality,Gay,Straight,anticipation,no_emotion,9,243,RN50x64,0.260777458,0.31176117,48620,True
Sexuality,Gay,Straight,anticipation,no_emotion,9,243,ViT-B/16,0.096359523,0.6211229,48620,True
Sexuality,Gay,Straight,anticipation,no_emotion,9,243,ViT-B/32,0.037638832,0.834676,48620,True
Sexuality,Gay,Straight,anticipation,no_emotion,9,243,ViT-L/14,0.59267791,-0.11329154,48620,True
Sexuality,Gay,Straight,anticipation,no_emotion,9,243,ViT-L/14@336px,0.721966269,-0.28490162,48620,True
Skin-Tone,Light,Dark,anticipation,no_emotion,7,243,RN101,0.161713287,0.5433549,3432,True
Skin-Tone,Light,Dark,anticipation,no_emotion,7,243,RN50,0.192599068,0.48684317,3432,True
Skin-Tone,Light,Dark,anticipation,no_emotion,7,243,RN50x16,0.46969697,0.037240308,3432,True
Skin-Tone,Light,Dark,anticipation,no_emotion,7,243,RN50x4,0.182983683,0.5060903,3432,True
Skin-Tone,Light,Dark,anticipation,no_emotion,7,243,RN50x64,0.066724942,0.8195154,3432,True
Skin-Tone,Light,Dark,anticipation,no_emotion,7,243,ViT-B/16,0.353729604,0.20860884,3432,True
Skin-Tone,Light,Dark,anticipation,no_emotion,7,243,ViT-B/32,0.354020979,0.20803173,3432,True
Skin-Tone,Light,Dark,anticipation,no_emotion,7,243,ViT-L/14,0.068181818,0.80579966,3432,True
Skin-Tone,Light,Dark,anticipation,no_emotion,7,243,ViT-L/14@336px,0.166958042,0.54438746,3432,True
Gender,Male,Female,anticipation,no_emotion,40,243,RN50,0.023125,0.4445808,1000000,True
Arab-Muslim,Other-People,Arab-Muslim,anticipation,no_emotion,10,243,RN101,0.999989175,-1.6529545,184756,True
Arab-Muslim,Other-People,Arab-Muslim,anticipation,no_emotion,10,243,RN50,0.995009634,-1.063849,184756,True
Arab-Muslim,Other-People,Arab-Muslim,anticipation,no_emotion,10,243,RN50x16,0.999653597,-1.3449094,184756,True
Arab-Muslim,Other-People,Arab-Muslim,anticipation,no_emotion,10,243,RN50x4,0.999588647,-1.377054,184756,True
Arab-Muslim,Other-People,Arab-Muslim,anticipation,no_emotion,10,243,RN50x64,0.999837624,-1.4629439,184756,True
Arab-Muslim,Other-People,Arab-Muslim,anticipation,no_emotion,10,243,ViT-B/16,0.999951287,-1.5292057,184756,True
Arab-Muslim,Other-People,Arab-Muslim,anticipation,no_emotion,10,243,ViT-B/32,0.998944554,-1.2949162,184756,True
Arab-Muslim,Other-People,Arab-Muslim,anticipation,no_emotion,10,243,ViT-L/14,0.994387192,-1.0952163,184756,True
Arab-Muslim,Other-People,Arab-Muslim,anticipation,no_emotion,10,243,ViT-L/14@336px,0.998760527,-1.2526872,184756,True
Weight,Thin,Fat,anticipation,no_emotion,10,243,RN101,0.568479508,-0.07982722,184756,True
Weight,Thin,Fat,anticipation,no_emotion,10,243,RN50,0.870315443,-0.526752,184756,True
Weight,Thin,Fat,anticipation,no_emotion,10,243,RN50x16,0.999989175,-1.5851206,184756,True
Weight,Thin,Fat,anticipation,no_emotion,10,243,RN50x4,0.473797874,0.030385697,184756,True
Weight,Thin,Fat,anticipation,no_emotion,10,243,RN50x64,0.824682284,-0.42719355,184756,True
Weight,Thin,Fat,anticipation,no_emotion,10,243,ViT-B/16,0.997407391,-1.1229576,184756,True
Weight,Thin,Fat,anticipation,no_emotion,10,243,ViT-B/32,0.999778086,-1.339203,184756,True
Weight,Thin,Fat,anticipation,no_emotion,10,243,ViT-L/14,0.998955379,-1.312268,184756,True
Weight,Thin,Fat,anticipation,no_emotion,10,243,ViT-L/14@336px,0.994333066,-1.0900743,184756,True
Weapon,White,Black,anticipation,no_emotion,6,243,RN50,0.997835498,-1.4612372,924,True
Age,Young,Old,anticipation,no_emotion,6,243,RN101,0.001082251,1.4371907,924,True
Age,Young,Old,anticipation,no_emotion,6,243,RN50,0.004329004,1.280167,924,True
Age,Young,Old,anticipation,no_emotion,6,243,RN50x16,0.946969697,-0.9294169,924,True
Age,Young,Old,anticipation,no_emotion,6,243,RN50x4,0.971861472,-1.0697795,924,True
Age,Young,Old,anticipation,no_emotion,6,243,RN50x64,0.390692641,0.19806024,924,True
Age,Young,Old,anticipation,no_emotion,6,243,ViT-B/16,0.471861472,0.048003882,924,True
Age,Young,Old,anticipation,no_emotion,6,243,ViT-B/32,0.446969697,0.06853637,924,True
Age,Young,Old,anticipation,no_emotion,6,243,ViT-L/14,0.738095238,-0.42066386,924,True
Age,Young,Old,anticipation,no_emotion,6,243,ViT-L/14@336px,0.930735931,-0.85961866,924,True
Religion,Christianity,Judaism,disgust,no_emotion,7,292,RN101,0.341200466,0.18748999,3432,True
Religion,Christianity,Judaism,disgust,no_emotion,7,292,RN50,0.506993007,-0.00761616,3432,True
Religion,Christianity,Judaism,disgust,no_emotion,7,292,RN50x16,0.579254079,-0.10168092,3432,True
Religion,Christianity,Judaism,disgust,no_emotion,7,292,RN50x4,0.634324009,-0.18116808,3432,True
Religion,Christianity,Judaism,disgust,no_emotion,7,292,RN50x64,0.53030303,-0.047542825,3432,True
Religion,Christianity,Judaism,disgust,no_emotion,7,292,ViT-B/16,0.308566434,0.27236778,3432,True
Religion,Christianity,Judaism,disgust,no_emotion,7,292,ViT-B/32,0.269522145,0.34027222,3432,True
Religion,Christianity,Judaism,disgust,no_emotion,7,292,ViT-L/14,0.622960373,-0.16921413,3432,True
Religion,Christianity,Judaism,disgust,no_emotion,7,292,ViT-L/14@336px,0.481934732,0.03167795,3432,True
Disabled,Disabled,Abled,disgust,no_emotion,4,292,RN101,0.485714286,0.027752034,70,True
Disabled,Disabled,Abled,disgust,no_emotion,4,292,RN50,0.385714286,0.2870071,70,True
Disabled,Disabled,Abled,disgust,no_emotion,4,292,RN50x16,0.757142857,-0.5033612,70,True
Disabled,Disabled,Abled,disgust,no_emotion,4,292,RN50x4,0.785714286,-0.61304563,70,True
Disabled,Disabled,Abled,disgust,no_emotion,4,292,RN50x64,0.357142857,0.20845269,70,True
Disabled,Disabled,Abled,disgust,no_emotion,4,292,ViT-B/16,0.085714286,1.0059073,70,True
Disabled,Disabled,Abled,disgust,no_emotion,4,292,ViT-B/32,0.657142857,-0.32995856,70,True
Disabled,Disabled,Abled,disgust,no_emotion,4,292,ViT-L/14,0.7,-0.43919495,70,True
Disabled,Disabled,Abled,disgust,no_emotion,4,292,ViT-L/14@336px,0.842857143,-0.7504434,70,True
Race,European-American,African-American,disgust,no_emotion,6,292,RN101,0.010822511,1.2721181,924,True
Race,European-American,African-American,disgust,no_emotion,6,292,RN50,0.074675325,0.84387416,924,True
Asian,European-American,Asian-American,disgust,no_emotion,6,292,RN50,0.569264069,-0.1048608,924,True
Native,Euro,Native,disgust,no_emotion,8,292,RN50,0.499378399,0.000752363,12870,True
Race,European-American,African-American,disgust,no_emotion,6,292,RN50x16,0.566017316,-0.10102505,924,True
Race,European-American,African-American,disgust,no_emotion,6,292,RN50x4,0.152597403,0.6273558,924,True
Race,European-American,African-American,disgust,no_emotion,6,292,RN50x64,0.554112554,-0.0784976,924,True
Race,European-American,African-American,disgust,no_emotion,6,292,ViT-B/16,0.91991342,-0.83021563,924,True
Race,European-American,African-American,disgust,no_emotion,6,292,ViT-B/32,0.101731602,0.74461687,924,True
Race,European-American,African-American,disgust,no_emotion,6,292,ViT-L/14,0.019480519,1.1731287,924,True
Race,European-American,African-American,disgust,no_emotion,6,292,ViT-L/14@336px,0.071428571,0.876472,924,True
Insect-Flower,Flower,Insect,disgust,no_emotion,35,292,RN101,1.0,-1.7741673,1000000,True
Insect-Flower,Flower,Insect,disgust,no_emotion,35,292,RN50,1.0,-1.7626404,1000000,True
Insect-Flower,Flower,Insect,disgust,no_emotion,35,292,RN50x16,1.0,-1.7415822,1000000,True
Insect-Flower,Flower,Insect,disgust,no_emotion,35,292,RN50x4,1.0,-1.7904506,1000000,True
Insect-Flower,Flower,Insect,disgust,no_emotion,35,292,RN50x64,1.0,-1.6539681,1000000,True
Insect-Flower,Flower,Insect,disgust,no_emotion,35,292,ViT-B/16,1.0,-1.7285452,1000000,True
Insect-Flower,Flower,Insect,disgust,no_emotion,35,292,ViT-B/32,1.0,-1.8217306,1000000,True
Insect-Flower,Flower,Insect,disgust,no_emotion,35,292,ViT-L/14,1.0,-1.6309221,1000000,True
Insect-Flower,Flower,Insect,disgust,no_emotion,35,292,ViT-L/14@336px,1.0,-1.6253217,1000000,True
Sexuality,Gay,Straight,disgust,no_emotion,9,292,RN101,0.267852735,0.30175447,48620,True
Sexuality,Gay,Straight,disgust,no_emotion,9,292,RN50,0.106540518,0.5968109,48620,True
Sexuality,Gay,Straight,disgust,no_emotion,9,292,RN50x16,0.149259564,0.49860466,48620,True
Sexuality,Gay,Straight,disgust,no_emotion,9,292,RN50x4,0.132887701,0.53323823,48620,True
Sexuality,Gay,Straight,disgust,no_emotion,9,292,RN50x64,0.923303167,-0.6828446,48620,True
Sexuality,Gay,Straight,disgust,no_emotion,9,292,ViT-B/16,0.285047306,0.27726337,48620,True
Sexuality,Gay,Straight,disgust,no_emotion,9,292,ViT-B/32,0.093109831,0.635554,48620,True
Sexuality,Gay,Straight,disgust,no_emotion,9,292,ViT-L/14,0.784533114,-0.38086858,48620,True
Sexuality,Gay,Straight,disgust,no_emotion,9,292,ViT-L/14@336px,0.866824352,-0.5355171,48620,True
Skin-Tone,Light,Dark,disgust,no_emotion,7,292,RN101,0.917249417,-0.7571599,3432,True
Skin-Tone,Light,Dark,disgust,no_emotion,7,292,RN50,0.857226107,-0.5822997,3432,True
Skin-Tone,Light,Dark,disgust,no_emotion,7,292,RN50x16,0.071386946,0.80475336,3432,True
Skin-Tone,Light,Dark,disgust,no_emotion,7,292,RN50x4,0.011363636,1.1532726,3432,True
Skin-Tone,Light,Dark,disgust,no_emotion,7,292,RN50x64,0.220862471,0.4488734,3432,True
Skin-Tone,Light,Dark,disgust,no_emotion,7,292,ViT-B/16,0.958624709,-0.92048764,3432,True
Skin-Tone,Light,Dark,disgust,no_emotion,7,292,ViT-B/32,0.326923077,0.24721313,3432,True
Skin-Tone,Light,Dark,disgust,no_emotion,7,292,ViT-L/14,0.446969697,0.07620551,3432,True
Skin-Tone,Light,Dark,disgust,no_emotion,7,292,ViT-L/14@336px,0.580710956,-0.11518073,3432,True
Gender,Male,Female,disgust,no_emotion,40,292,RN50,0.17001,0.21487077,1000000,True
Arab-Muslim,Other-People,Arab-Muslim,disgust,no_emotion,10,292,RN101,0.002646734,1.1476685,184756,True
Arab-Muslim,Other-People,Arab-Muslim,disgust,no_emotion,10,292,RN50,0.091152655,0.60491264,184756,True
Arab-Muslim,Other-People,Arab-Muslim,disgust,no_emotion,10,292,RN50x16,0.214039057,0.36057115,184756,True
Arab-Muslim,Other-People,Arab-Muslim,disgust,no_emotion,10,292,RN50x4,0.132764295,0.51158595,184756,True
Arab-Muslim,Other-People,Arab-Muslim,disgust,no_emotion,10,292,RN50x64,0.345569291,0.18339983,184756,True
Arab-Muslim,Other-People,Arab-Muslim,disgust,no_emotion,10,292,ViT-B/16,0.108407846,0.55836016,184756,True
Arab-Muslim,Other-People,Arab-Muslim,disgust,no_emotion,10,292,ViT-B/32,0.239456364,0.3269356,184756,True
Arab-Muslim,Other-People,Arab-Muslim,disgust,no_emotion,10,292,ViT-L/14,0.342451666,0.18756418,184756,True
Arab-Muslim,Other-People,Arab-Muslim,disgust,no_emotion,10,292,ViT-L/14@336px,0.602524411,-0.1205877,184756,True
Weight,Thin,Fat,disgust,no_emotion,10,292,RN101,1.0,-1.7644083,184756,True
Weight,Thin,Fat,disgust,no_emotion,10,292,RN50,0.999994587,-1.5647866,184756,True
Weight,Thin,Fat,disgust,no_emotion,10,292,RN50x16,0.999994587,-1.6559402,184756,True
Weight,Thin,Fat,disgust,no_emotion,10,292,RN50x4,0.999940462,-1.5005865,184756,True
Weight,Thin,Fat,disgust,no_emotion,10,292,RN50x64,0.99997835,-1.6543367,184756,True
Weight,Thin,Fat,disgust,no_emotion,10,292,ViT-B/16,1.0,-1.8838798,184756,True
Weight,Thin,Fat,disgust,no_emotion,10,292,ViT-B/32,1.0,-1.8127735,184756,True
Weight,Thin,Fat,disgust,no_emotion,10,292,ViT-L/14,1.0,-1.7365061,184756,True
Weight,Thin,Fat,disgust,no_emotion,10,292,ViT-L/14@336px,1.0,-1.7991682,184756,True
Weapon,White,Black,disgust,no_emotion,6,292,RN50,0.241341991,0.43778917,924,True
Age,Young,Old,disgust,no_emotion,6,292,RN101,0.031385281,1.0258948,924,True
Age,Young,Old,disgust,no_emotion,6,292,RN50,0.004329004,1.3570454,924,True
Age,Young,Old,disgust,no_emotion,6,292,RN50x16,0.050865801,0.9508877,924,True
Age,Young,Old,disgust,no_emotion,6,292,RN50x4,0.005411255,1.3670499,924,True
Age,Young,Old,disgust,no_emotion,6,292,RN50x64,0.027056277,1.1022526,924,True
Age,Young,Old,disgust,no_emotion,6,292,ViT-B/16,0.002164502,1.4258931,924,True
Age,Young,Old,disgust,no_emotion,6,292,ViT-B/32,0.79004329,-0.49266234,924,True
Age,Young,Old,disgust,no_emotion,6,292,ViT-L/14,0.066017316,0.8852774,924,True
Age,Young,Old,disgust,no_emotion,6,292,ViT-L/14@336px,0.001082251,1.526047,924,True
Religion,Christianity,Judaism,fear,no_emotion,7,308,RN101,0.781468531,-0.4176516,3432,True
Religion,Christianity,Judaism,fear,no_emotion,7,308,RN50,0.670454545,-0.24580972,3432,True
Religion,Christianity,Judaism,fear,no_emotion,7,308,RN50x16,0.572843823,-0.10344256,3432,True
Religion,Christianity,Judaism,fear,no_emotion,7,308,RN50x4,0.385780886,0.16166565,3432,True
Religion,Christianity,Judaism,fear,no_emotion,7,308,RN50x64,0.278263403,0.3366504,3432,True
Religion,Christianity,Judaism,fear,no_emotion,7,308,ViT-B/16,0.327797203,0.25330558,3432,True
Religion,Christianity,Judaism,fear,no_emotion,7,308,ViT-B/32,0.782925408,-0.4383382,3432,True
Religion,Christianity,Judaism,fear,no_emotion,7,308,ViT-L/14,0.039918415,0.9344098,3432,True
Religion,Christianity,Judaism,fear,no_emotion,7,308,ViT-L/14@336px,0.091783217,0.71812725,3432,True
Disabled,Disabled,Abled,fear,no_emotion,4,308,RN101,0.742857143,-0.5303364,70,True
Disabled,Disabled,Abled,fear,no_emotion,4,308,RN50,0.871428571,-0.6894162,70,True
Disabled,Disabled,Abled,fear,no_emotion,4,308,RN50x16,0.8,-0.7143703,70,True
Disabled,Disabled,Abled,fear,no_emotion,4,308,RN50x4,0.685714286,-0.49137896,70,True
Disabled,Disabled,Abled,fear,no_emotion,4,308,RN50x64,0.7,-0.35259554,70,True
Disabled,Disabled,Abled,fear,no_emotion,4,308,ViT-B/16,0.528571429,-0.053014778,70,True
Disabled,Disabled,Abled,fear,no_emotion,4,308,ViT-B/32,0.728571429,-0.49673584,70,True
Disabled,Disabled,Abled,fear,no_emotion,4,308,ViT-L/14,0.828571429,-0.7176641,70,True
Disabled,Disabled,Abled,fear,no_emotion,4,308,ViT-L/14@336px,0.857142857,-0.7740212,70,True
Race,European-American,African-American,fear,no_emotion,6,308,RN101,0.108225108,0.72770965,924,True
Race,European-American,African-American,fear,no_emotion,6,308,RN50,0.050865801,0.96580404,924,True
Asian,European-American,Asian-American,fear,no_emotion,6,308,RN50,0.653679654,-0.23651493,924,True
Native,Euro,Native,fear,no_emotion,8,308,RN50,0.981507382,-1.0203336,12870,True
Race,European-American,African-American,fear,no_emotion,6,308,RN50x16,0.841991342,-0.59340674,924,True
Race,European-American,African-American,fear,no_emotion,6,308,RN50x4,0.305194805,0.30820137,924,True
Race,European-American,African-American,fear,no_emotion,6,308,RN50x64,0.984848485,-1.1692854,924,True
Race,European-American,African-American,fear,no_emotion,6,308,ViT-B/16,0.130952381,0.67762434,924,True
Race,European-American,African-American,fear,no_emotion,6,308,ViT-B/32,0.041125541,1.0016835,924,True
Race,European-American,African-American,fear,no_emotion,6,308,ViT-L/14,0.62012987,-0.18589969,924,True
Race,European-American,African-American,fear,no_emotion,6,308,ViT-L/14@336px,0.795454545,-0.49191615,924,True
Insect-Flower,Flower,Insect,fear,no_emotion,35,308,RN101,1.0,-1.7202833,1000000,True
Insect-Flower,Flower,Insect,fear,no_emotion,35,308,RN50,1.0,-1.665373,1000000,True
Insect-Flower,Flower,Insect,fear,no_emotion,35,308,RN50x16,1.0,-1.712035,1000000,True
Insect-Flower,Flower,Insect,fear,no_emotion,35,308,RN50x4,1.0,-1.847747,1000000,True
Insect-Flower,Flower,Insect,fear,no_emotion,35,308,RN50x64,1.0,-1.6384413,1000000,True
Insect-Flower,Flower,Insect,fear,no_emotion,35,308,ViT-B/16,1.0,-1.7238874,1000000,True
Insect-Flower,Flower,Insect,fear,no_emotion,35,308,ViT-B/32,1.0,-1.8129839,1000000,True
Insect-Flower,Flower,Insect,fear,no_emotion,35,308,ViT-L/14,1.0,-1.591962,1000000,True
Insect-Flower,Flower,Insect,fear,no_emotion,35,308,ViT-L/14@336px,1.0,-1.4703741,1000000,True
Sexuality,Gay,Straight,fear,no_emotion,9,308,RN101,0.293973673,0.26602364,48620,True
Sexuality,Gay,Straight,fear,no_emotion,9,308,RN50,0.336548745,0.21061297,48620,True
Sexuality,Gay,Straight,fear,no_emotion,9,308,RN50x16,0.189942411,0.43823385,48620,True
Sexuality,Gay,Straight,fear,no_emotion,9,308,RN50x4,0.244611271,0.33788794,48620,True
Sexuality,Gay,Straight,fear,no_emotion,9,308,RN50x64,0.205162485,0.40479177,48620,True
Sexuality,Gay,Straight,fear,no_emotion,9,308,ViT-B/16,0.494014809,0.006726896,48620,True
Sexuality,Gay,Straight,fear,no_emotion,9,308,ViT-B/32,0.12266557,0.5585243,48620,True
Sexuality,Gay,Straight,fear,no_emotion,9,308,ViT-L/14,0.120464829,0.56280553,48620,True
Sexuality,Gay,Straight,fear,no_emotion,9,308,ViT-L/14@336px,0.274825175,0.29448956,48620,True
Skin-Tone,Light,Dark,fear,no_emotion,7,308,RN101,0.193764569,0.48058757,3432,True
Skin-Tone,Light,Dark,fear,no_emotion,7,308,RN50,0.059731935,0.8687978,3432,True
Skin-Tone,Light,Dark,fear,no_emotion,7,308,RN50x16,0.103729604,0.6903502,3432,True
Skin-Tone,Light,Dark,fear,no_emotion,7,308,RN50x4,0.000582751,1.4642551,3432,True
Skin-Tone,Light,Dark,fear,no_emotion,7,308,RN50x64,0.161130536,0.5411164,3432,True
Skin-Tone,Light,Dark,fear,no_emotion,7,308,ViT-B/16,0.228729604,0.40700898,3432,True
Skin-Tone,Light,Dark,fear,no_emotion,7,308,ViT-B/32,0.051573427,0.87133855,3432,True
Skin-Tone,Light,Dark,fear,no_emotion,7,308,ViT-L/14,0.083041958,0.7513802,3432,True
Skin-Tone,Light,Dark,fear,no_emotion,7,308,ViT-L/14@336px,0.074300699,0.77699316,3432,True
Gender,Male,Female,fear,no_emotion,40,308,RN50,0.000138,0.7816038,1000000,True
Arab-Muslim,Other-People,Arab-Muslim,fear,no_emotion,10,308,RN101,0.569881357,-0.081118725,184756,True
Arab-Muslim,Other-People,Arab-Muslim,fear,no_emotion,10,308,RN50,0.194499773,0.3921994,184756,True
Arab-Muslim,Other-People,Arab-Muslim,fear,no_emotion,10,308,RN50x16,0.480298339,0.022131102,184756,True
Arab-Muslim,Other-People,Arab-Muslim,fear,no_emotion,10,308,RN50x4,0.777479486,-0.35634154,184756,True
Arab-Muslim,Other-People,Arab-Muslim,fear,no_emotion,10,308,RN50x64,0.536431834,-0.042117618,184756,True
Arab-Muslim,Other-People,Arab-Muslim,fear,no_emotion,10,308,ViT-B/16,0.673001147,-0.2044621,184756,True
Arab-Muslim,Other-People,Arab-Muslim,fear,no_emotion,10,308,ViT-B/32,0.690250926,-0.23120643,184756,True
Arab-Muslim,Other-People,Arab-Muslim,fear,no_emotion,10,308,ViT-L/14,0.862104614,-0.5092627,184756,True
Arab-Muslim,Other-People,Arab-Muslim,fear,no_emotion,10,308,ViT-L/14@336px,0.826852714,-0.4511772,184756,True
Weight,Thin,Fat,fear,no_emotion,10,308,RN101,0.998695577,-1.1703043,184756,True
Weight,Thin,Fat,fear,no_emotion,10,308,RN50,0.999410033,-1.2777249,184756,True
Weight,Thin,Fat,fear,no_emotion,10,308,RN50x16,0.980114313,-0.888601,184756,True
Weight,Thin,Fat,fear,no_emotion,10,308,RN50x4,0.995025872,-1.0831747,184756,True
Weight,Thin,Fat,fear,no_emotion,10,308,RN50x64,0.809732837,-0.4022421,184756,True
Weight,Thin,Fat,fear,no_emotion,10,308,ViT-B/16,0.99136158,-1.0175364,184756,True
Weight,Thin,Fat,fear,no_emotion,10,308,ViT-B/32,0.995594189,-1.1031954,184756,True
Weight,Thin,Fat,fear,no_emotion,10,308,ViT-L/14,0.991967785,-1.0307384,184756,True
Weight,Thin,Fat,fear,no_emotion,10,308,ViT-L/14@336px,0.99661716,-1.1600045,184756,True
Weapon,White,Black,fear,no_emotion,6,308,RN50,0.072510823,0.86065435,924,True
Age,Young,Old,fear,no_emotion,6,308,RN101,0.004329004,1.3956759,924,True
Age,Young,Old,fear,no_emotion,6,308,RN50,0.001082251,1.726938,924,True
Age,Young,Old,fear,no_emotion,6,308,RN50x16,0.03030303,1.0497634,924,True
Age,Young,Old,fear,no_emotion,6,308,RN50x4,0.014069264,1.265515,924,True
Age,Young,Old,fear,no_emotion,6,308,RN50x64,0.208874459,0.49690154,924,True
Age,Young,Old,fear,no_emotion,6,308,ViT-B/16,0.004329004,1.454506,924,True
Age,Young,Old,fear,no_emotion,6,308,ViT-B/32,0.841991342,-0.60409874,924,True
Age,Young,Old,fear,no_emotion,6,308,ViT-L/14,0.111471861,0.7295943,924,True
Age,Young,Old,fear,no_emotion,6,308,ViT-L/14@336px,0.024891775,1.1222042,924,True
Religion,Christianity,Judaism,joy,no_emotion,7,142,RN101,0.012529138,1.1593152,3432,True
Religion,Christianity,Judaism,joy,no_emotion,7,142,RN50,0.067016317,0.81298447,3432,True
Religion,Christianity,Judaism,joy,no_emotion,7,142,RN50x16,0.014568765,1.146046,3432,True
Religion,Christianity,Judaism,joy,no_emotion,7,142,RN50x4,0.020104895,1.0653776,3432,True
Religion,Christianity,Judaism,joy,no_emotion,7,142,RN50x64,0.043706294,0.90778947,3432,True
Religion,Christianity,Judaism,joy,no_emotion,7,142,ViT-B/16,0.02039627,1.0751514,3432,True
Religion,Christianity,Judaism,joy,no_emotion,7,142,ViT-B/32,0.185897436,0.49399087,3432,True
Religion,Christianity,Judaism,joy,no_emotion,7,142,ViT-L/14,0.062937063,0.8235347,3432,True
Religion,Christianity,Judaism,joy,no_emotion,7,142,ViT-L/14@336px,0.083624709,0.7523793,3432,True
Disabled,Disabled,Abled,joy,no_emotion,4,142,RN101,0.557142857,-0.032475043,70,True
Disabled,Disabled,Abled,joy,no_emotion,4,142,RN50,0.757142857,-0.5097103,70,True
Disabled,Disabled,Abled,joy,no_emotion,4,142,RN50x16,0.057142857,1.1083728,70,True
Disabled,Disabled,Abled,joy,no_emotion,4,142,RN50x4,0.442857143,0.14910315,70,True
Disabled,Disabled,Abled,joy,no_emotion,4,142,RN50x64,0.357142857,0.2979385,70,True
Disabled,Disabled,Abled,joy,no_emotion,4,142,ViT-B/16,0.057142857,1.2164336,70,True
Disabled,Disabled,Abled,joy,no_emotion,4,142,ViT-B/32,0.614285714,-0.25225115,70,True
Disabled,Disabled,Abled,joy,no_emotion,4,142,ViT-L/14,0.171428571,0.7622449,70,True
Disabled,Disabled,Abled,joy,no_emotion,4,142,ViT-L/14@336px,0.371428571,0.2986908,70,True
Race,European-American,African-American,joy,no_emotion,6,142,RN101,0.295454545,0.32180268,924,True
Race,European-American,African-American,joy,no_emotion,6,142,RN50,0.813852814,-0.5395371,924,True
Asian,European-American,Asian-American,joy,no_emotion,6,142,RN50,0.942640693,-0.94185555,924,True
Native,Euro,Native,joy,no_emotion,8,142,RN50,0.978943279,-0.99463755,12870,True
Race,European-American,African-American,joy,no_emotion,6,142,RN50x16,0.943722944,-0.9168346,924,True
Race,European-American,African-American,joy,no_emotion,6,142,RN50x4,0.538961039,-0.06367597,924,True
Race,European-American,African-American,joy,no_emotion,6,142,RN50x64,0.077922078,0.81330884,924,True
Race,European-American,African-American,joy,no_emotion,6,142,ViT-B/16,0.70995671,-0.33886805,924,True
Race,European-American,African-American,joy,no_emotion,6,142,ViT-B/32,0.380952381,0.17662221,924,True
Race,European-American,African-American,joy,no_emotion,6,142,ViT-L/14,0.043290043,1.0128711,924,True
Race,European-American,African-American,joy,no_emotion,6,142,ViT-L/14@336px,0.111471861,0.7281314,924,True
Insect-Flower,Flower,Insect,joy,no_emotion,35,142,RN101,1e-06,1.8206397,1000000,True
Insect-Flower,Flower,Insect,joy,no_emotion,35,142,RN50,1e-06,1.8530666,1000000,True
Insect-Flower,Flower,Insect,joy,no_emotion,35,142,RN50x16,1e-06,1.8201758,1000000,True
Insect-Flower,Flower,Insect,joy,no_emotion,35,142,RN50x4,1e-06,1.776428,1000000,True
Insect-Flower,Flower,Insect,joy,no_emotion,35,142,RN50x64,1e-06,1.7615206,1000000,True
Insect-Flower,Flower,Insect,joy,no_emotion,35,142,ViT-B/16,1e-06,1.8155311,1000000,True
Insect-Flower,Flower,Insect,joy,no_emotion,35,142,ViT-B/32,1e-06,1.8283192,1000000,True
Insect-Flower,Flower,Insect,joy,no_emotion,35,142,ViT-L/14,1e-06,1.6766688,1000000,True
Insect-Flower,Flower,Insect,joy,no_emotion,35,142,ViT-L/14@336px,1e-06,1.7575833,1000000,True
Sexuality,Gay,Straight,joy,no_emotion,9,142,RN101,0.986384204,-1.0106835,48620,True
Sexuality,Gay,Straight,joy,no_emotion,9,142,RN50,0.874064171,-0.5499889,48620,True
Sexuality,Gay,Straight,joy,no_emotion,9,142,RN50x16,0.279206088,0.2885979,48620,True
Sexuality,Gay,Straight,joy,no_emotion,9,142,RN50x4,0.754401481,-0.33097765,48620,True
Sexuality,Gay,Straight,joy,no_emotion,9,142,RN50x64,0.660304401,-0.20303002,48620,True
Sexuality,Gay,Straight,joy,no_emotion,9,142,ViT-B/16,0.709090909,-0.26636487,48620,True
Sexuality,Gay,Straight,joy,no_emotion,9,142,ViT-B/32,0.378794735,0.15116398,48620,True
Sexuality,Gay,Straight,joy,no_emotion,9,142,ViT-L/14,0.745475113,-0.3192131,48620,True
Sexuality,Gay,Straight,joy,no_emotion,9,142,ViT-L/14@336px,0.643150967,-0.17941742,48620,True
Skin-Tone,Light,Dark,joy,no_emotion,7,142,RN101,0.940268065,-0.8425538,3432,True
Skin-Tone,Light,Dark,joy,no_emotion,7,142,RN50,0.608391608,-0.15410046,3432,True
Skin-Tone,Light,Dark,joy,no_emotion,7,142,RN50x16,0.607808858,-0.15250437,3432,True
Skin-Tone,Light,Dark,joy,no_emotion,7,142,RN50x4,0.03525641,0.9716393,3432,True
Skin-Tone,Light,Dark,joy,no_emotion,7,142,RN50x64,0.235722611,0.41517946,3432,True
Skin-Tone,Light,Dark,joy,no_emotion,7,142,ViT-B/16,0.912004662,-0.7330707,3432,True
Skin-Tone,Light,Dark,joy,no_emotion,7,142,ViT-B/32,0.797785548,-0.4630465,3432,True
Skin-Tone,Light,Dark,joy,no_emotion,7,142,ViT-L/14,0.306818182,0.2856013,3432,True
Skin-Tone,Light,Dark,joy,no_emotion,7,142,ViT-L/14@336px,0.538461538,-0.054061845,3432,True
Gender,Male,Female,joy,no_emotion,40,142,RN50,0.999981,-0.8754145,1000000,True
Arab-Muslim,Other-People,Arab-Muslim,joy,no_emotion,10,142,RN101,0.008524757,1.0301942,184756,True
Arab-Muslim,Other-People,Arab-Muslim,joy,no_emotion,10,142,RN50,0.009185087,1.0306458,184756,True
Arab-Muslim,Other-People,Arab-Muslim,joy,no_emotion,10,142,RN50x16,0.067039771,0.6702519,184756,True
Arab-Muslim,Other-People,Arab-Muslim,joy,no_emotion,10,142,RN50x4,0.013222845,0.9773171,184756,True
Arab-Muslim,Other-People,Arab-Muslim,joy,no_emotion,10,142,RN50x64,0.027468661,0.8464376,184756,True
Arab-Muslim,Other-People,Arab-Muslim,joy,no_emotion,10,142,ViT-B/16,0.025503908,0.86374706,184756,True
Arab-Muslim,Other-People,Arab-Muslim,joy,no_emotion,10,142,ViT-B/32,0.00427591,1.1353844,184756,True
Arab-Muslim,Other-People,Arab-Muslim,joy,no_emotion,10,142,ViT-L/14,0.014473143,0.95564044,184756,True
Arab-Muslim,Other-People,Arab-Muslim,joy,no_emotion,10,142,ViT-L/14@336px,0.00921215,1.0271125,184756,True
Weight,Thin,Fat,joy,no_emotion,10,142,RN101,0.366748577,0.15771048,184756,True
Weight,Thin,Fat,joy,no_emotion,10,142,RN50,0.12669142,0.52325463,184756,True
Weight,Thin,Fat,joy,no_emotion,10,142,RN50x16,0.938540562,-0.69608885,184756,True
Weight,Thin,Fat,joy,no_emotion,10,142,RN50x4,0.583634632,-0.099751025,184756,True
Weight,Thin,Fat,joy,no_emotion,10,142,RN50x64,0.831496677,-0.43899983,184756,True
Weight,Thin,Fat,joy,no_emotion,10,142,ViT-B/16,0.972623352,-0.84691536,184756,True
Weight,Thin,Fat,joy,no_emotion,10,142,ViT-B/32,0.730715105,-0.28636047,184756,True
Weight,Thin,Fat,joy,no_emotion,10,142,ViT-L/14,0.281387343,0.26515514,184756,True
Weight,Thin,Fat,joy,no_emotion,10,142,ViT-L/14@336px,0.182830328,0.4115798,184756,True
Weapon,White,Black,joy,no_emotion,6,142,RN50,0.898268398,-0.7427753,924,True
Age,Young,Old,joy,no_emotion,6,142,RN101,0.100649351,0.74166775,924,True
Age,Young,Old,joy,no_emotion,6,142,RN50,0.001082251,1.7090236,924,True
Age,Young,Old,joy,no_emotion,6,142,RN50x16,0.015151515,1.1912038,924,True
Age,Young,Old,joy,no_emotion,6,142,RN50x4,0.04004329,1.0185698,924,True
Age,Young,Old,joy,no_emotion,6,142,RN50x64,0.930735931,-0.86832625,924,True
Age,Young,Old,joy,no_emotion,6,142,ViT-B/16,0.744588745,-0.3335993,924,True
Age,Young,Old,joy,no_emotion,6,142,ViT-B/32,0.004329004,1.360761,924,True
Age,Young,Old,joy,no_emotion,6,142,ViT-L/14,0.80952381,-0.53366625,924,True
Age,Young,Old,joy,no_emotion,6,142,ViT-L/14@336px,0.786796537,-0.48361307,924,True
Religion,Christianity,Judaism,negative,no_emotion,7,942,RN50,0.533799534,-0.04434626,3432,True
Disabled,Disabled,Abled,negative,no_emotion,4,942,RN50,0.742857143,-0.45106095,70,True
Asian,European-American,Asian-American,negative,no_emotion,6,942,RN50,0.761904762,-0.45872778,924,True
Native,Euro,Native,negative,no_emotion,8,942,RN50,0.608080808,-0.14154248,12870,True
Race,European-American,African-American,negative,no_emotion,6,942,RN50,0.011904762,1.2628995,924,True
Insect-Flower,Flower,Insect,negative,no_emotion,35,942,RN50,1.0,-1.577863,1000000,True
Sexuality,Gay,Straight,negative,no_emotion,9,942,RN50,0.099670917,0.61763513,48620,True
Gender,Male,Female,negative,no_emotion,40,942,RN50,0.256037,0.14851189,1000000,True
Arab-Muslim,Other-People,Arab-Muslim,negative,no_emotion,10,942,RN50,0.492855442,0.008260625,184756,True
Age,Young,Old,negative,no_emotion,6,942,RN50,0.001082251,1.725927,924,True
Religion,Christianity,Judaism,sadness,no_emotion,7,304,RN101,0.125,0.6309503,3432,True
Religion,Christianity,Judaism,sadness,no_emotion,7,304,RN50,0.26486014,0.33888307,3432,True
Religion,Christianity,Judaism,sadness,no_emotion,7,304,RN50x16,0.182109557,0.5124631,3432,True
Religion,Christianity,Judaism,sadness,no_emotion,7,304,RN50x4,0.43006993,0.096333995,3432,True
Religion,Christianity,Judaism,sadness,no_emotion,7,304,RN50x64,0.091783217,0.7357361,3432,True
Religion,Christianity,Judaism,sadness,no_emotion,7,304,ViT-B/16,0.08479021,0.75037557,3432,True
Religion,Christianity,Judaism,sadness,no_emotion,7,304,ViT-B/32,0.193181818,0.4821919,3432,True
Religion,Christianity,Judaism,sadness,no_emotion,7,304,ViT-L/14,0.014277389,1.1402105,3432,True
Religion,Christianity,Judaism,sadness,no_emotion,7,304,ViT-L/14@336px,0.029428904,1.0026143,3432,True
Disabled,Disabled,Abled,sadness,no_emotion,4,304,RN101,0.657142857,-0.27666485,70,True
Disabled,Disabled,Abled,sadness,no_emotion,4,304,RN50,0.457142857,0.13613665,70,True
Disabled,Disabled,Abled,sadness,no_emotion,4,304,RN50x16,0.542857143,-0.05883458,70,True
Disabled,Disabled,Abled,sadness,no_emotion,4,304,RN50x4,0.885714286,-0.86542994,70,True
Disabled,Disabled,Abled,sadness,no_emotion,4,304,RN50x64,0.742857143,-0.4503691,70,True
Disabled,Disabled,Abled,sadness,no_emotion,4,304,ViT-B/16,0.357142857,0.2918482,70,True
Disabled,Disabled,Abled,sadness,no_emotion,4,304,ViT-B/32,0.585714286,-0.16430011,70,True
Disabled,Disabled,Abled,sadness,no_emotion,4,304,ViT-L/14,0.842857143,-0.6569481,70,True
Disabled,Disabled,Abled,sadness,no_emotion,4,304,ViT-L/14@336px,0.942857143,-0.99908924,70,True
Race,European-American,African-American,sadness,no_emotion,6,304,RN101,0.111471861,0.73895764,924,True
Race,European-American,African-American,sadness,no_emotion,6,304,RN50,0.027056277,1.0997438,924,True
Race,European-American,African-American,sadness,no_emotion,6,304,RN50x16,0.656926407,-0.2795913,924,True
Race,European-American,African-American,sadness,no_emotion,6,304,RN50x4,0.004329004,1.4096476,924,True
Race,European-American,African-American,sadness,no_emotion,6,304,RN50x64,0.893939394,-0.7502575,924,True
Race,European-American,African-American,sadness,no_emotion,6,304,ViT-B/16,0.748917749,-0.41000727,924,True
Race,European-American,African-American,sadness,no_emotion,6,304,ViT-B/32,0.084415584,0.809675,924,True
Race,European-American,African-American,sadness,no_emotion,6,304,ViT-L/14,0.11038961,0.73916316,924,True
Race,European-American,African-American,sadness,no_emotion,6,304,ViT-L/14@336px,0.254329004,0.39735475,924,True
Insect-Flower,Flower,Insect,sadness,no_emotion,35,304,RN101,0.777109,-0.18392324,1000000,True
Insect-Flower,Flower,Insect,sadness,no_emotion,35,304,RN50,1e-06,1.2058965,1000000,True
Insect-Flower,Flower,Insect,sadness,no_emotion,35,304,RN50x16,0.993379,-0.58542997,1000000,True
Insect-Flower,Flower,Insect,sadness,no_emotion,35,304,RN50x4,0.999285,-0.74154675,1000000,True
Insect-Flower,Flower,Insect,sadness,no_emotion,35,304,RN50x64,0.173887,0.22607252,1000000,True
Insect-Flower,Flower,Insect,sadness,no_emotion,35,304,ViT-B/16,0.43917,0.036840748,1000000,True
Insect-Flower,Flower,Insect,sadness,no_emotion,35,304,ViT-B/32,0.822472,-0.22290485,1000000,True
Insect-Flower,Flower,Insect,sadness,no_emotion,35,304,ViT-L/14,0.817735,-0.21819706,1000000,True
Insect-Flower,Flower,Insect,sadness,no_emotion,35,304,ViT-L/14@336px,0.713986,-0.13616328,1000000,True
Sexuality,Gay,Straight,sadness,no_emotion,9,304,RN101,0.584882764,-0.105313465,48620,True
Sexuality,Gay,Straight,sadness,no_emotion,9,304,RN50,0.39321267,0.13641195,48620,True
Sexuality,Gay,Straight,sadness,no_emotion,9,304,RN50x16,0.108412176,0.60420823,48620,True
Sexuality,Gay,Straight,sadness,no_emotion,9,304,RN50x4,0.455573838,0.056720022,48620,True
Sexuality,Gay,Straight,sadness,no_emotion,9,304,RN50x64,0.595516248,-0.118669584,48620,True
Sexuality,Gay,Straight,sadness,no_emotion,9,304,ViT-B/16,0.721740025,-0.28357077,48620,True
Sexuality,Gay,Straight,sadness,no_emotion,9,304,ViT-B/32,0.311538462,0.23856665,48620,True
Sexuality,Gay,Straight,sadness,no_emotion,9,304,ViT-L/14,0.64638009,-0.18486527,48620,True
Sexuality,Gay,Straight,sadness,no_emotion,9,304,ViT-L/14@336px,0.790004114,-0.387666,48620,True
Skin-Tone,Light,Dark,sadness,no_emotion,7,304,RN101,0.8502331,-0.56066686,3432,True
Skin-Tone,Light,Dark,sadness,no_emotion,7,304,RN50,0.660839161,-0.2317054,3432,True
Skin-Tone,Light,Dark,sadness,no_emotion,7,304,RN50x16,0.775641026,-0.43430638,3432,True
Skin-Tone,Light,Dark,sadness,no_emotion,7,304,RN50x4,0.814393939,-0.49309644,3432,True
Skin-Tone,Light,Dark,sadness,no_emotion,7,304,RN50x64,0.926282051,-0.80571073,3432,True
Skin-Tone,Light,Dark,sadness,no_emotion,7,304,ViT-B/16,0.956876457,-0.92224556,3432,True
Skin-Tone,Light,Dark,sadness,no_emotion,7,304,ViT-B/32,0.613344988,-0.18636632,3432,True
Skin-Tone,Light,Dark,sadness,no_emotion,7,304,ViT-L/14,0.596153846,-0.13293561,3432,True
Skin-Tone,Light,Dark,sadness,no_emotion,7,304,ViT-L/14@336px,0.713869464,-0.31601492,3432,True
Arab-Muslim,Other-People,Arab-Muslim,sadness,no_emotion,10,304,RN101,0.810025114,-0.44941312,184756,True
Arab-Muslim,Other-People,Arab-Muslim,sadness,no_emotion,10,304,RN50,0.846164671,-0.47752744,184756,True
Arab-Muslim,Other-People,Arab-Muslim,sadness,no_emotion,10,304,RN50x16,0.93900604,-0.6982351,184756,True
Arab-Muslim,Other-People,Arab-Muslim,sadness,no_emotion,10,304,RN50x4,0.926075473,-0.6550178,184756,True
Arab-Muslim,Other-People,Arab-Muslim,sadness,no_emotion,10,304,RN50x64,0.946134361,-0.7109449,184756,True
Arab-Muslim,Other-People,Arab-Muslim,sadness,no_emotion,10,304,ViT-B/16,0.838045855,-0.4693896,184756,True
Arab-Muslim,Other-People,Arab-Muslim,sadness,no_emotion,10,304,ViT-B/32,0.912370911,-0.61893696,184756,True
Arab-Muslim,Other-People,Arab-Muslim,sadness,no_emotion,10,304,ViT-L/14,0.908760744,-0.6115477,184756,True
Arab-Muslim,Other-People,Arab-Muslim,sadness,no_emotion,10,304,ViT-L/14@336px,0.972244474,-0.8261436,184756,True
Weight,Thin,Fat,sadness,no_emotion,10,304,RN101,0.756879344,-0.3209992,184756,True
Weight,Thin,Fat,sadness,no_emotion,10,304,RN50,0.353314642,0.17234169,184756,True
Weight,Thin,Fat,sadness,no_emotion,10,304,RN50x16,0.932418974,-0.6769921,184756,True
Weight,Thin,Fat,sadness,no_emotion,10,304,RN50x4,0.848719392,-0.46938664,184756,True
Weight,Thin,Fat,sadness,no_emotion,10,304,RN50x64,0.649088528,-0.1792912,184756,True
Weight,Thin,Fat,sadness,no_emotion,10,304,ViT-B/16,0.981332135,-0.9164951,184756,True
Weight,Thin,Fat,sadness,no_emotion,10,304,ViT-B/32,0.972612527,-0.8468106,184756,True
Weight,Thin,Fat,sadness,no_emotion,10,304,ViT-L/14,0.9999567,-1.4949636,184756,True
Weight,Thin,Fat,sadness,no_emotion,10,304,ViT-L/14@336px,0.999729373,-1.417199,184756,True
Age,Young,Old,sadness,no_emotion,6,304,RN101,0.412337662,0.12686057,924,True
Age,Young,Old,sadness,no_emotion,6,304,RN50,0.001082251,1.667165,924,True
Age,Young,Old,sadness,no_emotion,6,304,RN50x16,0.285714286,0.35595086,924,True
Age,Young,Old,sadness,no_emotion,6,304,RN50x4,0.003246753,1.5014641,924,True
Age,Young,Old,sadness,no_emotion,6,304,RN50x64,0.725108225,-0.43650618,924,True
Age,Young,Old,sadness,no_emotion,6,304,ViT-B/16,0.323593074,0.28464556,924,True
Age,Young,Old,sadness,no_emotion,6,304,ViT-B/32,0.847402597,-0.60700095,924,True
Age,Young,Old,sadness,no_emotion,6,304,ViT-L/14,0.744588745,-0.39547437,924,True
Age,Young,Old,sadness,no_emotion,6,304,ViT-L/14@336px,0.279220779,0.36338094,924,True
Religion,Christianity,Judaism,surprise,no_emotion,7,114,RN101,0.770687646,-0.41614994,3432,True
Religion,Christianity,Judaism,surprise,no_emotion,7,114,RN50,0.442599068,0.08318178,3432,True
Religion,Christianity,Judaism,surprise,no_emotion,7,114,RN50x16,0.173076923,0.5176102,3432,True
Religion,Christianity,Judaism,surprise,no_emotion,7,114,RN50x4,0.756118881,-0.39788976,3432,True
Religion,Christianity,Judaism,surprise,no_emotion,7,114,RN50x64,0.203962704,0.45883524,3432,True
Religion,Christianity,Judaism,surprise,no_emotion,7,114,ViT-B/16,0.221736597,0.508053,3432,True
Religion,Christianity,Judaism,surprise,no_emotion,7,114,ViT-B/32,0.577797203,-0.11011221,3432,True
Religion,Christianity,Judaism,surprise,no_emotion,7,114,ViT-L/14,0.215909091,0.4705042,3432,True
Religion,Christianity,Judaism,surprise,no_emotion,7,114,ViT-L/14@336px,0.170454545,0.5599214,3432,True
Disabled,Disabled,Abled,surprise,no_emotion,4,114,RN101,0.871428571,-0.9026449,70,True
Disabled,Disabled,Abled,surprise,no_emotion,4,114,RN50,0.971428571,-1.2884411,70,True
Disabled,Disabled,Abled,surprise,no_emotion,4,114,RN50x16,0.871428571,-0.87881845,70,True
Disabled,Disabled,Abled,surprise,no_emotion,4,114,RN50x4,0.914285714,-1.0367064,70,True
Disabled,Disabled,Abled,surprise,no_emotion,4,114,RN50x64,0.971428571,-1.142486,70,True
Disabled,Disabled,Abled,surprise,no_emotion,4,114,ViT-B/16,0.671428571,-0.37836558,70,True
Disabled,Disabled,Abled,surprise,no_emotion,4,114,ViT-B/32,0.928571429,-1.02368,70,True
Disabled,Disabled,Abled,surprise,no_emotion,4,114,ViT-L/14,0.642857143,-0.2143968,70,True
Disabled,Disabled,Abled,surprise,no_emotion,4,114,ViT-L/14@336px,0.628571429,-0.22619921,70,True
Race,European-American,African-American,surprise,no_emotion,6,114,RN101,0.002164502,1.4976683,924,True
Race,European-American,African-American,surprise,no_emotion,6,114,RN50,0.002164502,1.4858155,924,True
Race,European-American,African-American,surprise,no_emotion,6,114,RN50x16,0.282467532,0.37994096,924,True
Race,European-American,African-American,surprise,no_emotion,6,114,RN50x4,0.001082251,1.7409171,924,True
Race,European-American,African-American,surprise,no_emotion,6,114,RN50x64,0.042207792,0.97558546,924,True
Race,European-American,African-American,surprise,no_emotion,6,114,ViT-B/16,0.082251082,0.8246516,924,True
Race,European-American,African-American,surprise,no_emotion,6,114,ViT-B/32,0.001082251,1.6040957,924,True
Race,European-American,African-American,surprise,no_emotion,6,114,ViT-L/14,0.081168831,0.8237347,924,True
Race,European-American,African-American,surprise,no_emotion,6,114,ViT-L/14@336px,0.177489177,0.5471071,924,True
Insect-Flower,Flower,Insect,surprise,no_emotion,35,114,RN101,0.007587,0.57401717,1000000,True
Insect-Flower,Flower,Insect,surprise,no_emotion,35,114,RN50,0.141696,0.25804505,1000000,True
Insect-Flower,Flower,Insect,surprise,no_emotion,35,114,RN50x16,0.963108,-0.4276809,1000000,True
Insect-Flower,Flower,Insect,surprise,no_emotion,35,114,RN50x4,0.753388,-0.1650952,1000000,True
Insect-Flower,Flower,Insect,surprise,no_emotion,35,114,RN50x64,6.9e-05,0.87889934,1000000,True
Insect-Flower,Flower,Insect,surprise,no_emotion,35,114,ViT-B/16,1.0,-1.4396142,1000000,True
Insect-Flower,Flower,Insect,surprise,no_emotion,35,114,ViT-B/32,0.999635,-0.7910335,1000000,True
Insect-Flower,Flower,Insect,surprise,no_emotion,35,114,ViT-L/14,0.799078,-0.20199975,1000000,True
Insect-Flower,Flower,Insect,surprise,no_emotion,35,114,ViT-L/14@336px,0.263036,0.15315786,1000000,True
Sexuality,Gay,Straight,surprise,no_emotion,9,114,RN101,0.070382559,0.70146906,48620,True
Sexuality,Gay,Straight,surprise,no_emotion,9,114,RN50,0.038029617,0.8335905,48620,True
Sexuality,Gay,Straight,surprise,no_emotion,9,114,RN50x16,0.006314274,1.1242807,48620,True
Sexuality,Gay,Straight,surprise,no_emotion,9,114,RN50x4,0.049218429,0.7845455,48620,True
Sexuality,Gay,Straight,surprise,no_emotion,9,114,RN50x64,0.093870835,0.6273805,48620,True
Sexuality,Gay,Straight,surprise,no_emotion,9,114,ViT-B/16,0.061229947,0.7318152,48620,True
Sexuality,Gay,Straight,surprise,no_emotion,9,114,ViT-B/32,0.013718634,1.0191755,48620,True
Sexuality,Gay,Straight,surprise,no_emotion,9,114,ViT-L/14,0.086610448,0.6503787,48620,True
Sexuality,Gay,Straight,surprise,no_emotion,9,114,ViT-L/14@336px,0.12972028,0.5499051,48620,True
Skin-Tone,Light,Dark,surprise,no_emotion,7,114,RN101,0.854895105,-0.57792455,3432,True
Skin-Tone,Light,Dark,surprise,no_emotion,7,114,RN50,0.355477855,0.21148716,3432,True
Skin-Tone,Light,Dark,surprise,no_emotion,7,114,RN50x16,0.488636364,0.016400393,3432,True
Skin-Tone,Light,Dark,surprise,no_emotion,7,114,RN50x4,0.007284382,1.136443,3432,True
Skin-Tone,Light,Dark,surprise,no_emotion,7,114,RN50x64,0.240675991,0.40236118,3432,True
Skin-Tone,Light,Dark,surprise,no_emotion,7,114,ViT-B/16,0.764277389,-0.40203935,3432,True
Skin-Tone,Light,Dark,surprise,no_emotion,7,114,ViT-B/32,0.108391608,0.68225855,3432,True
Skin-Tone,Light,Dark,surprise,no_emotion,7,114,ViT-L/14,0.171328671,0.5241114,3432,True
Skin-Tone,Light,Dark,surprise,no_emotion,7,114,ViT-L/14@336px,0.434731935,0.1025541,3432,True
Arab-Muslim,Other-People,Arab-Muslim,surprise,no_emotion,10,114,RN101,0.00148845,1.2344595,184756,True
Arab-Muslim,Other-People,Arab-Muslim,surprise,no_emotion,10,114,RN50,1.62e-05,1.5567828,184756,True
Arab-Muslim,Other-People,Arab-Muslim,surprise,no_emotion,10,114,RN50x16,0.298334019,0.24390665,184756,True
Arab-Muslim,Other-People,Arab-Muslim,surprise,no_emotion,10,114,RN50x4,0.018835654,0.9128076,184756,True
Arab-Muslim,Other-People,Arab-Muslim,surprise,no_emotion,10,114,RN50x64,0.300158046,0.25557658,184756,True
Arab-Muslim,Other-People,Arab-Muslim,surprise,no_emotion,10,114,ViT-B/16,0.033779688,0.811708,184756,True
Arab-Muslim,Other-People,Arab-Muslim,surprise,no_emotion,10,114,ViT-B/32,0.048907749,0.7419443,184756,True
Arab-Muslim,Other-People,Arab-Muslim,surprise,no_emotion,10,114,ViT-L/14,0.019804499,0.90783405,184756,True
Arab-Muslim,Other-People,Arab-Muslim,surprise,no_emotion,10,114,ViT-L/14@336px,0.007582974,1.0560241,184756,True
Weight,Thin,Fat,surprise,no_emotion,10,114,RN101,0.934816731,-0.68045676,184756,True
Weight,Thin,Fat,surprise,no_emotion,10,114,RN50,0.769263244,-0.33873084,184756,True
Weight,Thin,Fat,surprise,no_emotion,10,114,RN50x16,0.229610946,0.3402142,184756,True
Weight,Thin,Fat,surprise,no_emotion,10,114,RN50x4,0.367701184,0.15578513,184756,True
Weight,Thin,Fat,surprise,no_emotion,10,114,RN50x64,0.035657841,0.7988096,184756,True
Weight,Thin,Fat,surprise,no_emotion,10,114,ViT-B/16,0.999983762,-1.4757942,184756,True
Weight,Thin,Fat,surprise,no_emotion,10,114,ViT-B/32,0.696237199,-0.23678432,184756,True
Weight,Thin,Fat,surprise,no_emotion,10,114,ViT-L/14,0.294204248,0.2480673,184756,True
Weight,Thin,Fat,surprise,no_emotion,10,114,ViT-L/14@336px,0.463947044,0.042511117,184756,True
Age,Young,Old,surprise,no_emotion,6,114,RN101,0.001082251,1.5388026,924,True
Age,Young,Old,surprise,no_emotion,6,114,RN50,0.001082251,1.8635342,924,True
Age,Young,Old,surprise,no_emotion,6,114,RN50x16,0.002164502,1.5225953,924,True
Age,Young,Old,surprise,no_emotion,6,114,RN50x4,0.038961039,1.0528272,924,True
Age,Young,Old,surprise,no_emotion,6,114,RN50x64,0.002164502,1.5886126,924,True
Age,Young,Old,surprise,no_emotion,6,114,ViT-B/16,0.001082251,1.6967059,924,True
Age,Young,Old,surprise,no_emotion,6,114,ViT-B/32,0.177489177,0.54284513,924,True
Age,Young,Old,surprise,no_emotion,6,114,ViT-L/14,0.167748918,0.575802,924,True
Age,Young,Old,surprise,no_emotion,6,114,ViT-L/14@336px,0.08008658,0.8429951,924,True
Religion,Christianity,Judaism,trust,no_emotion,7,697,RN101,0.245337995,0.37980106,3432,True
Religion,Christianity,Judaism,trust,no_emotion,7,697,RN50,0.392482517,0.150467,3432,True
Religion,Christianity,Judaism,trust,no_emotion,7,697,RN50x16,0.126165501,0.62362814,3432,True
Religion,Christianity,Judaism,trust,no_emotion,7,697,RN50x4,0.068764569,0.80577445,3432,True
Religion,Christianity,Judaism,trust,no_emotion,7,697,RN50x64,0.108682984,0.68016964,3432,True
Religion,Christianity,Judaism,trust,no_emotion,7,697,ViT-B/16,0.376165501,0.17541207,3432,True
Religion,Christianity,Judaism,trust,no_emotion,7,697,ViT-B/32,0.181235431,0.5075471,3432,True
Religion,Christianity,Judaism,trust,no_emotion,7,697,ViT-L/14,0.048368298,0.8925041,3432,True
Religion,Christianity,Judaism,trust,no_emotion,7,697,ViT-L/14@336px,0.126748252,0.62948096,3432,True
Disabled,Disabled,Abled,trust,no_emotion,4,697,RN101,0.785714286,-0.6491685,70,True
Disabled,Disabled,Abled,trust,no_emotion,4,697,RN50,0.857142857,-0.7452156,70,True
Disabled,Disabled,Abled,trust,no_emotion,4,697,RN50x16,0.785714286,-0.66805106,70,True
Disabled,Disabled,Abled,trust,no_emotion,4,697,RN50x4,0.571428571,-0.2345848,70,True
Disabled,Disabled,Abled,trust,no_emotion,4,697,RN50x64,0.514285714,-0.028044539,70,True
Disabled,Disabled,Abled,trust,no_emotion,4,697,ViT-B/16,0.728571429,-0.48665243,70,True
Disabled,Disabled,Abled,trust,no_emotion,4,697,ViT-B/32,0.685714286,-0.30914074,70,True
Disabled,Disabled,Abled,trust,no_emotion,4,697,ViT-L/14,0.514285714,-0.007621449,70,True
Disabled,Disabled,Abled,trust,no_emotion,4,697,ViT-L/14@336px,0.6,-0.22078094,70,True
Race,European-American,African-American,trust,no_emotion,6,697,RN101,0.996753247,-1.4143374,924,True
Race,European-American,African-American,trust,no_emotion,6,697,RN50,0.939393939,-0.9100898,924,True
Race,European-American,African-American,trust,no_emotion,6,697,RN50x16,0.997835498,-1.4534707,924,True
Race,European-American,African-American,trust,no_emotion,6,697,RN50x4,0.996753247,-1.4948018,924,True
Race,European-American,African-American,trust,no_emotion,6,697,RN50x64,0.997835498,-1.5438712,924,True
Race,European-American,African-American,trust,no_emotion,6,697,ViT-B/16,0.994588745,-1.3985884,924,True
Race,European-American,African-American,trust,no_emotion,6,697,ViT-B/32,0.95995671,-1.0131441,924,True
Race,European-American,African-American,trust,no_emotion,6,697,ViT-L/14,1.0,-1.7460352,924,True
Race,European-American,African-American,trust,no_emotion,6,697,ViT-L/14@336px,1.0,-1.6731123,924,True
Insect-Flower,Flower,Insect,trust,no_emotion,35,697,RN101,0.03155,0.44320852,1000000,True
Insect-Flower,Flower,Insect,trust,no_emotion,35,697,RN50,0.00022,0.80832535,1000000,True
Insect-Flower,Flower,Insect,trust,no_emotion,35,697,RN50x16,0.006839,0.5835437,1000000,True
Insect-Flower,Flower,Insect,trust,no_emotion,35,697,RN50x4,0.000479,0.7623849,1000000,True
Insect-Flower,Flower,Insect,trust,no_emotion,35,697,RN50x64,0.070343,0.35331714,1000000,True
Insect-Flower,Flower,Insect,trust,no_emotion,35,697,ViT-B/16,0.000913,0.71722335,1000000,True
Insect-Flower,Flower,Insect,trust,no_emotion,35,697,ViT-B/32,1e-06,1.0521362,1000000,True
Insect-Flower,Flower,Insect,trust,no_emotion,35,697,ViT-L/14,0.096834,0.31275883,1000000,True
Insect-Flower,Flower,Insect,trust,no_emotion,35,697,ViT-L/14@336px,0.148295,0.25182563,1000000,True
Sexuality,Gay,Straight,trust,no_emotion,9,697,RN101,0.357013575,0.17910168,48620,True
Sexuality,Gay,Straight,trust,no_emotion,9,697,RN50,0.448375154,0.062640816,48620,True
Sexuality,Gay,Straight,trust,no_emotion,9,697,RN50x16,0.454524887,0.05626842,48620,True
Sexuality,Gay,Straight,trust,no_emotion,9,697,RN50x4,0.516063348,-0.019588573,48620,True
Sexuality,Gay,Straight,trust,no_emotion,9,697,RN50x64,0.036877828,0.8396513,48620,True
Sexuality,Gay,Straight,trust,no_emotion,9,697,ViT-B/16,0.435211847,0.078923725,48620,True
Sexuality,Gay,Straight,trust,no_emotion,9,697,ViT-B/32,0.600946113,-0.12392222,48620,True
Sexuality,Gay,Straight,trust,no_emotion,9,697,ViT-L/14,0.38554093,0.14376615,48620,True
Sexuality,Gay,Straight,trust,no_emotion,9,697,ViT-L/14@336px,0.521925134,-0.02669962,48620,True
Skin-Tone,Light,Dark,trust,no_emotion,7,697,RN101,0.1497669,0.589733,3432,True
Skin-Tone,Light,Dark,trust,no_emotion,7,697,RN50,0.002622378,1.38943,3432,True
Skin-Tone,Light,Dark,trust,no_emotion,7,697,RN50x16,0.763111888,-0.39502886,3432,True
Skin-Tone,Light,Dark,trust,no_emotion,7,697,RN50x4,0.078671329,0.76867634,3432,True
Skin-Tone,Light,Dark,trust,no_emotion,7,697,RN50x64,0.553904429,-0.076285265,3432,True
Skin-Tone,Light,Dark,trust,no_emotion,7,697,ViT-B/16,0.611305361,-0.1580298,3432,True
Skin-Tone,Light,Dark,trust,no_emotion,7,697,ViT-B/32,0.482517483,0.025648471,3432,True
Skin-Tone,Light,Dark,trust,no_emotion,7,697,ViT-L/14,0.048951049,0.89391524,3432,True
Skin-Tone,Light,Dark,trust,no_emotion,7,697,ViT-L/14@336px,0.151515152,0.5604544,3432,True
Arab-Muslim,Other-People,Arab-Muslim,trust,no_emotion,10,697,RN101,0.999864686,-1.4354525,184756,True
Arab-Muslim,Other-People,Arab-Muslim,trust,no_emotion,10,697,RN50,0.999880924,-1.4341146,184756,True
Arab-Muslim,Other-People,Arab-Muslim,trust,no_emotion,10,697,RN50x16,0.999778086,-1.4379587,184756,True
Arab-Muslim,Other-People,Arab-Muslim,trust,no_emotion,10,697,RN50x4,0.998035246,-1.2135046,184756,True
Arab-Muslim,Other-People,Arab-Muslim,trust,no_emotion,10,697,RN50x64,0.997537292,-1.1958656,184756,True
Arab-Muslim,Other-People,Arab-Muslim,trust,no_emotion,10,697,ViT-B/16,0.999079868,-1.2742271,184756,True
Arab-Muslim,Other-People,Arab-Muslim,trust,no_emotion,10,697,ViT-B/32,0.999935049,-1.4571065,184756,True
Arab-Muslim,Other-People,Arab-Muslim,trust,no_emotion,10,697,ViT-L/14,0.999767261,-1.4208694,184756,True
Arab-Muslim,Other-People,Arab-Muslim,trust,no_emotion,10,697,ViT-L/14@336px,0.999810561,-1.4204391,184756,True
Weight,Thin,Fat,trust,no_emotion,10,697,RN101,0.626918747,-0.1487719,184756,True
Weight,Thin,Fat,trust,no_emotion,10,697,RN50,0.866483362,-0.5068708,184756,True
Weight,Thin,Fat,trust,no_emotion,10,697,RN50x16,0.977884345,-0.8895127,184756,True
Weight,Thin,Fat,trust,no_emotion,10,697,RN50x4,0.931184914,-0.669251,184756,True
Weight,Thin,Fat,trust,no_emotion,10,697,RN50x64,0.080208491,0.63870764,184756,True
Weight,Thin,Fat,trust,no_emotion,10,697,ViT-B/16,0.000600792,1.3114711,184756,True
Weight,Thin,Fat,trust,no_emotion,10,697,ViT-B/32,0.116077421,0.545374,184756,True
Weight,Thin,Fat,trust,no_emotion,10,697,ViT-L/14,0.097295893,0.591543,184756,True
Weight,Thin,Fat,trust,no_emotion,10,697,ViT-L/14@336px,0.045313819,0.7549814,184756,True
Age,Young,Old,trust,no_emotion,6,697,RN101,0.951298701,-0.93977183,924,True
Age,Young,Old,trust,no_emotion,6,697,RN50,0.998917749,-1.5578191,924,True
Age,Young,Old,trust,no_emotion,6,697,RN50x16,0.978354978,-1.1288272,924,True
Age,Young,Old,trust,no_emotion,6,697,RN50x4,0.994588745,-1.27896,924,True
Age,Young,Old,trust,no_emotion,6,697,RN50x64,0.984848485,-1.1814378,924,True
Age,Young,Old,trust,no_emotion,6,697,ViT-B/16,0.833333333,-0.57273394,924,True
Age,Young,Old,trust,no_emotion,6,697,ViT-B/32,0.995670996,-1.2153332,924,True
Age,Young,Old,trust,no_emotion,6,697,ViT-L/14,0.998917749,-1.4862634,924,True
Age,Young,Old,trust,no_emotion,6,697,ViT-L/14@336px,0.998917749,-1.4205666,924,True
Age,Young,Old,anger,no_emotion,6,38,RN50,0.001082251082251,1.7831501,924,False
Asian,European-American,Asian-American,trust,no_emotion,6,697,RN50,0.4166666666666667,0.13269807,924,True
Arab-Muslim,Other-People,Arab-Muslim,anger,no_emotion,10,38,RN50,0.0142945290004113,0.95270133,184756,False
Asian,European-American,Asian-American,anger,no_emotion,6,38,RN50,0.8300865800865801,-0.5818722,924,False
Disabled,Disabled,Abled,anger,no_emotion,4,38,RN50,0.8,-0.65556115,70,False
Skin-Tone,Light,Dark,negative,no_emotion,7,942,RN50,0.5008741258741258,-0.0017305121,3432,True
Gender,Male,Female,anger,no_emotion,40,38,RN50,0.167249,0.21716897,1000000,False
Gender,Male,Female,trust,no_emotion,40,697,RN50,0.001422,0.65788096,1000000,True
Insect-Flower,Flower,Insect,anger,no_emotion,35,38,RN50,1.0,-1.443559,1000000,False
Weapon,White,Black,negative,no_emotion,6,942,RN50,0.0487012987012987,0.97916687,924,True
Native,Euro,Native,anger,no_emotion,8,38,RN50,0.9185703185703186,-0.7097204,12870,False
Race,European-American,African-American,anger,no_emotion,6,38,RN50,0.935064935064935,-0.8678719,924,False
Religion,Christianity,Judaism,anger,no_emotion,7,38,RN50,0.7951631701631702,-0.4667814,3432,False
Sexuality,Gay,Straight,anger,no_emotion,9,38,RN50,0.0028794734677087,1.2028834,48620,False
Native,Euro,Native,trust,no_emotion,8,697,RN50,0.0024864024864024,1.3174024,12870,True
Skin-Tone,Light,Dark,anger,no_emotion,7,38,RN50,0.7202797202797203,-0.32834202,3432,False
Weapon,White,Black,anger,no_emotion,6,38,RN50,0.9826839826839828,-1.1398435,924,False
Weight,Thin,Fat,anger,no_emotion,10,38,RN50,0.9973424408408929,-1.1820943,184756,False
Weight,Thin,Fat,negative,no_emotion,10,942,RN50,0.9901491697157332,-0.9939397,184756,True
Age,Young,Old,anticipation,no_emotion,6,157,RN50,0.1114718614718614,0.7685147,924,False
Weapon,White,Black,trust,no_emotion,6,697,RN50,0.6785714285714286,-0.29169843,924,True
Arab-Muslim,Other-People,Arab-Muslim,anticipation,no_emotion,10,157,RN50,0.998019008854922,-1.167677,184756,False
Asian,European-American,Asian-American,anticipation,no_emotion,6,157,RN50,0.6699134199134199,-0.28239635,924,False
Age,Young,Old,positive,no_emotion,6,629,RN50,0.6558441558441559,-0.24450341,924,True
Disabled,Disabled,Abled,anticipation,no_emotion,4,157,RN50,1.0,-1.4607446,70,False
Age,Young,Old,positive,no_emotion,6,629,RN50,0.6558441558441559,-0.24450341,924,True
Arab-Muslim,Other-People,Arab-Muslim,positive,no_emotion,10,629,RN50,0.971313516205157,-0.84455657,184756,True
Gender,Male,Female,anticipation,no_emotion,40,157,RN50,0.021985,0.44880277,1000000,False
Arab-Muslim,Other-People,Arab-Muslim,positive,no_emotion,10,629,RN50,0.971313516205157,-0.84455657,184756,True
Asian,European-American,Asian-American,positive,no_emotion,6,629,RN50,0.8246753246753247,-0.57659644,924,True
Asian,European-American,Asian-American,positive,no_emotion,6,629,RN50,0.8246753246753247,-0.57659644,924,True
Insect-Flower,Flower,Insect,anticipation,no_emotion,35,157,RN50,0.415748,0.051540922,1000000,False
Disabled,Disabled,Abled,positive,no_emotion,4,629,RN50,0.8714285714285714,-0.8788572,70,True
Native,Euro,Native,anticipation,no_emotion,8,157,RN50,0.6690753690753691,-0.22783257,12870,False
Race,European-American,African-American,anticipation,no_emotion,6,157,RN50,0.9989177489177488,-1.4795085,924,False
Disabled,Disabled,Abled,positive,no_emotion,4,629,RN50,0.8714285714285714,-0.8788572,70,True
Religion,Christianity,Judaism,anticipation,no_emotion,7,157,RN50,0.4222027972027972,0.113757476,3432,False
Sexuality,Gay,Straight,anticipation,no_emotion,9,157,RN50,0.3520361990950226,0.18302818,48620,False
Skin-Tone,Light,Dark,anticipation,no_emotion,7,157,RN50,0.3473193473193473,0.23761457,3432,False
Weapon,White,Black,anticipation,no_emotion,6,157,RN50,0.9989177489177488,-1.5978906,924,False
Gender,Male,Female,positive,no_emotion,40,629,RN50,0.114789,0.26995572,1000000,True
Weight,Thin,Fat,anticipation,no_emotion,10,157,RN50,0.7593041633289311,-0.32554537,184756,False
Age,Young,Old,disgust,no_emotion,6,54,RN50,0.1028138528138528,0.74018455,924,False
Arab-Muslim,Other-People,Arab-Muslim,disgust,no_emotion,10,54,RN50,0.0040702331724003,1.1233469,184756,False
Gender,Male,Female,positive,no_emotion,40,629,RN50,0.114789,0.26995572,1000000,True
Asian,European-American,Asian-American,disgust,no_emotion,6,54,RN50,0.7413419913419913,-0.39583442,924,False
Disabled,Disabled,Abled,disgust,no_emotion,4,54,RN50,0.1428571428571428,0.8916496,70,False
Insect-Flower,Flower,Insect,positive,no_emotion,35,629,RN50,1e-06,1.625036,1000000,True
Gender,Male,Female,disgust,no_emotion,40,54,RN50,0.043718,0.382378,1000000,False
Insect-Flower,Flower,Insect,positive,no_emotion,35,629,RN50,1e-06,1.625036,1000000,True
Insect-Flower,Flower,Insect,disgust,no_emotion,35,54,RN50,1.0,-1.6869597,1000000,False
Native,Euro,Native,positive,no_emotion,8,629,RN50,0.7764568764568764,-0.3908186,12870,True
Native,Euro,Native,disgust,no_emotion,8,54,RN50,0.2927738927738927,0.27909178,12870,False
Race,European-American,African-American,disgust,no_emotion,6,54,RN50,0.1839826839826839,0.53629744,924,False
Religion,Christianity,Judaism,disgust,no_emotion,7,54,RN50,0.3688811188811189,0.18690094,3432,False
Sexuality,Gay,Straight,disgust,no_emotion,9,54,RN50,0.1234060057589469,0.5587022,48620,False
Native,Euro,Native,positive,no_emotion,8,629,RN50,0.7764568764568764,-0.3908186,12870,True
Race,European-American,African-American,positive,no_emotion,6,629,RN50,0.9945887445887446,-1.343823,924,True
Skin-Tone,Light,Dark,disgust,no_emotion,7,54,RN50,0.9565850815850816,-0.91799146,3432,False
Weapon,White,Black,disgust,no_emotion,6,54,RN50,0.4166666666666667,0.11331675,924,False
Weight,Thin,Fat,disgust,no_emotion,10,54,RN50,1.0,-1.6148419,184756,False
Age,Young,Old,fear,no_emotion,6,107,RN50,0.001082251082251,1.722,924,False
Race,European-American,African-American,positive,no_emotion,6,629,RN50,0.9945887445887446,-1.343823,924,True
Religion,Christianity,Judaism,positive,no_emotion,7,629,RN50,0.2368881118881119,0.40298772,3432,True
Arab-Muslim,Other-People,Arab-Muslim,fear,no_emotion,10,107,RN50,0.023934270064301,0.865992,184756,False
Asian,European-American,Asian-American,fear,no_emotion,6,107,RN50,0.6731601731601732,-0.27376255,924,False
Disabled,Disabled,Abled,fear,no_emotion,4,107,RN50,0.7857142857142857,-0.57721907,70,False
Religion,Christianity,Judaism,positive,no_emotion,7,629,RN50,0.2368881118881119,0.40298772,3432,True
Sexuality,Gay,Straight,positive,no_emotion,9,629,RN50,0.3886055121349239,0.13704291,48620,True
Gender,Male,Female,fear,no_emotion,40,107,RN50,2e-06,1.0328774,1000000,False
Sexuality,Gay,Straight,positive,no_emotion,9,629,RN50,0.3886055121349239,0.13704291,48620,True
Skin-Tone,Light,Dark,positive,no_emotion,7,629,RN50,0.0061188811188811,1.2601521,3432,True
Insect-Flower,Flower,Insect,fear,no_emotion,35,107,RN50,1.0,-1.7156305,1000000,False
Skin-Tone,Light,Dark,positive,no_emotion,7,629,RN50,0.0061188811188811,1.2601521,3432,True
Weapon,White,Black,positive,no_emotion,6,629,RN50,0.933982683982684,-0.8513731,924,True
Native,Euro,Native,fear,no_emotion,8,107,RN50,0.9994560994560996,-1.4093956,12870,False
Race,European-American,African-American,fear,no_emotion,6,107,RN50,0.2229437229437229,0.4599079,924,False
Religion,Christianity,Judaism,fear,no_emotion,7,107,RN50,0.3825757575757575,0.16949596,3432,False
Weapon,White,Black,positive,no_emotion,6,629,RN50,0.933982683982684,-0.8513731,924,True
Sexuality,Gay,Straight,fear,no_emotion,9,107,RN50,0.5770464829288359,-0.09809777,48620,False
Weight,Thin,Fat,positive,no_emotion,10,629,RN50,0.6732068241356167,-0.21161675,184756,True
Skin-Tone,Light,Dark,fear,no_emotion,7,107,RN50,0.3088578088578088,0.28083485,3432,False
Weapon,White,Black,fear,no_emotion,6,107,RN50,0.5432900432900433,-0.061534304,924,False
Asian,European-American,Asian-American,sadness,no_emotion,6,304,RN50,0.1829004329004329,0.5361245,924,True
Weight,Thin,Fat,fear,no_emotion,10,107,RN50,0.9993883825153176,-1.2764437,184756,False
Age,Young,Old,joy,no_emotion,6,3,RN50,0.001082251082251,1.6732227,924,False
Weight,Thin,Fat,positive,no_emotion,10,629,RN50,0.6732068241356167,-0.21161675,184756,True
Arab-Muslim,Other-People,Arab-Muslim,joy,no_emotion,10,3,RN50,0.0199831128623698,0.8884215,184756,False
Asian,European-American,Asian-American,joy,no_emotion,6,3,RN50,0.6536796536796536,-0.23655824,924,False
Disabled,Disabled,Abled,joy,no_emotion,4,3,RN50,0.7857142857142857,-0.5885065,70,False
Gender,Male,Female,sadness,no_emotion,40,304,RN50,0.697506,-0.1182954,1000000,True
Insect-Flower,Flower,Insect,joy,no_emotion,35,3,RN50,0.131301,0.2695454,1000000,False
Race,European-American,African-American,joy,no_emotion,6,3,RN50,0.1352813852813852,0.64995223,924,False
Religion,Christianity,Judaism,joy,no_emotion,7,3,RN50,0.4274475524475524,0.10361497,3432,False
Sexuality,Gay,Straight,joy,no_emotion,9,3,RN50,0.9194570135746606,-0.6714916,48620,False
Skin-Tone,Light,Dark,joy,no_emotion,7,3,RN50,0.8499417249417249,-0.5826545,3432,False
Native,Euro,Native,sadness,no_emotion,8,304,RN50,0.6586635586635586,-0.21108085,12870,True
Weight,Thin,Fat,joy,no_emotion,10,3,RN50,0.5225215960510078,-0.0259411,184756,False
Gender,Male,Female,sadness,no_emotion,40,304,RN50,0.697506,-0.1182954,1000000,True
Weapon,White,Black,sadness,no_emotion,6,304,RN50,0.0032467532467532,1.4196106,924,True
Weapon,White,Black,sadness,no_emotion,6,304,RN50,0.0032467532467532,1.4196106,924,True
Asian,European-American,Asian-American,surprise,no_emotion,6,114,RN50,0.946969696969697,-0.959567,924,True
Asian,European-American,Asian-American,surprise,no_emotion,6,114,RN50,0.946969696969697,-0.959567,924,True
Skin-Tone,Light,Dark,negative,no_emotion,7,954,RN50,0.6264568764568764,-0.18016125,3432,False
Gender,Male,Female,surprise,no_emotion,40,114,RN50,0.992002,-0.5319798,1000000,True
Native,Euro,Native,surprise,no_emotion,8,114,RN50,0.8668997668997669,-0.58900076,12870,True
Gender,Male,Female,surprise,no_emotion,40,114,RN50,0.992002,-0.5319798,1000000,True
Weapon,White,Black,surprise,no_emotion,6,114,RN50,0.0054112554112554,1.3688759,924,True
Weapon,White,Black,surprise,no_emotion,6,114,RN50,0.0054112554112554,1.3688759,924,True
Asian,European-American,Asian-American,anger,no_emotion,6,239,RN101,0.7132034632034632,-0.33318424,924,True
Weapon,White,Black,negative,no_emotion,6,954,RN50,0.027056277056277,1.1014829,924,False
Asian,European-American,Asian-American,anger,no_emotion,6,239,RN101,0.7132034632034632,-0.33318424,924,True
Gender,Male,Female,anger,no_emotion,40,239,RN101,0.310028,0.11214007,1000000,True
Weight,Thin,Fat,negative,no_emotion,10,954,RN50,0.9351631340795428,-0.6877906,184756,False
Native,Euro,Native,anger,no_emotion,8,239,RN101,0.9101787101787102,-0.6893793,12870,True
Gender,Male,Female,anger,no_emotion,40,239,RN101,0.310028,0.11214007,1000000,True
Weapon,White,Black,anger,no_emotion,6,239,RN101,0.001082251082251,1.6942482,924,True
Asian,European-American,Asian-American,anticipation,no_emotion,6,243,RN101,0.6677489177489178,-0.2660511,924,True
Age,Young,Old,positive,no_emotion,6,1029,RN50,0.0054112554112554,1.4420859,924,False
Gender,Male,Female,anticipation,no_emotion,40,243,RN101,0.146928,0.23561954,1000000,True
Native,Euro,Native,anticipation,no_emotion,8,243,RN101,0.6864024864024864,-0.25096625,12870,True
Arab-Muslim,Other-People,Arab-Muslim,positive,no_emotion,10,1029,RN50,0.8671220420446427,-0.5060025,184756,False
Weapon,White,Black,anticipation,no_emotion,6,243,RN101,0.946969696969697,-0.9246381,924,True
Weight,Thin,Fat,anticipation,no_emotion,10,243,RN101,0.5684795081079911,-0.07982722,184756,True
Age,Young,Old,disgust,no_emotion,6,292,RN101,0.0313852813852813,1.0258948,924,True
Asian,European-American,Asian-American,positive,no_emotion,6,1029,RN50,0.7391774891774892,-0.40389228,924,False
Insect-Flower,Flower,Insect,anticipation,no_emotion,35,243,RN101,1e-06,1.4150968,1000000,True
Arab-Muslim,Other-People,Arab-Muslim,disgust,no_emotion,10,292,RN101,0.0026467340708826,1.1476685,184756,True
Race,European-American,African-American,anticipation,no_emotion,6,243,RN101,0.8333333333333334,-0.59890157,924,True
Gender,Male,Female,disgust,no_emotion,40,292,RN101,0.241749,0.15808807,1000000,True
Insect-Flower,Flower,Insect,disgust,no_emotion,35,292,RN101,1.0,-1.7741673,1000000,True
Native,Euro,Native,disgust,no_emotion,8,292,RN101,0.8283605283605283,-0.4887769,12870,True
Race,European-American,African-American,disgust,no_emotion,6,292,RN101,0.0108225108225108,1.2721181,924,True
Asian,European-American,Asian-American,disgust,no_emotion,6,292,RN101,0.3452380952380952,0.23971038,924,True
Weapon,White,Black,disgust,no_emotion,6,292,RN101,0.0097402597402597,1.3112175,924,True
Asian,European-American,Asian-American,fear,no_emotion,6,308,RN101,0.8701298701298701,-0.66747946,924,True
